Estate,Division,EmpCode,Gender,DateofJoin,PAMACT
EST,HO,101,M,1960-01-01 00:00:00.0000000,T
EST,HO,404,M,1965-04-01 00:00:00.0000000,A
EST,HO,1616,F,1970-10-16 00:00:00.0000000,A
EST,HO,2727,F,1972-01-01 00:00:00.0000000,A
EST,HO,3030,M,1968-12-01 00:00:00.0000000,T
EST,HO,3131,F,1963-03-01 00:00:00.0000000,T
EST,HO,3737,F,1965-04-15 00:00:00.0000000,A
EST,HO,4242,F,1963-11-13 00:00:00.0000000,T
EST,HO,4848,M,1965-04-15 00:00:00.0000000,T
EST,HO,4949,F,1973-07-06 00:00:00.0000000,T
EST,HO,5656,F,1959-02-01 00:00:00.0000000,A
EST,HO,6464,F,1959-09-01 00:00:00.0000000,T
EST,HO,6565,M,1972-07-14 00:00:00.0000000,T
EST,HO,6868,F,1975-11-04 00:00:00.0000000,T
EST,HO,7070,F,1970-12-08 00:00:00.0000000,T
EST,HO,7474,F,1963-05-30 00:00:00.0000000,A
EST,HO,9696,F,1963-02-01 00:00:00.0000000,T
EST,HO,9999,M,1963-02-01 00:00:00.0000000,T
EST,HO,10908,M,1973-04-28 00:00:00.0000000,A
EST,HO,11211,M,1956-02-27 00:00:00.0000000,T
EST,HO,12322,F,1973-09-01 00:00:00.0000000,A
EST,HO,13029,F,1952-10-02 00:00:00.0000000,T
EST,HO,13534,F,1966-09-25 00:00:00.0000000,T
EST,HO,13635,M,NULL,NULL
EST,HO,13736,M,1972-03-13 00:00:00.0000000,A
EST,HO,13837,F,1975-12-10 00:00:00.0000000,T
EST,HO,13938,M,1967-01-01 00:00:00.0000000,T
EST,HO,14241,F,1975-01-01 00:00:00.0000000,T
EST,HO,14443,F,1969-10-13 00:00:00.0000000,T
EST,HO,14645,M,1964-02-17 00:00:00.0000000,T
EST,HO,16665,F,1976-12-31 00:00:00.0000000,T
EST,HO,17069,F,1963-02-01 00:00:00.0000000,T
EST,HO,17877,F,1965-05-17 00:00:00.0000000,A
EST,HO,18079,F,1973-12-31 00:00:00.0000000,T
EST,HO,18988,M,1960-01-01 00:00:00.0000000,T
EST,HO,19594,M,1957-02-19 00:00:00.0000000,T
EST,HO,20301,F,1971-06-09 00:00:00.0000000,T
EST,HO,20503,F,1965-05-27 00:00:00.0000000,T
EST,HO,20604,F,1964-04-01 00:00:00.0000000,T
EST,HO,20705,M,1964-07-01 00:00:00.0000000,T
EST,HO,22927,F,1962-04-01 00:00:00.0000000,T
EST,HO,24240,F,1968-11-17 00:00:00.0000000,A
EST,HO,24846,F,1972-01-01 00:00:00.0000000,T
EST,HO,25048,F,1972-07-01 00:00:00.0000000,T
EST,HO,28280,F,1976-12-31 00:00:00.0000000,T
EST,HO,29391,M,1976-12-31 00:00:00.0000000,A
EST,HO,29593,F,1972-11-09 00:00:00.0000000,A
EST,HO,29795,F,1972-11-09 00:00:00.0000000,A
EST,HO,30401,M,1968-11-17 00:00:00.0000000,T
EST,HO,30704,F,1970-12-31 00:00:00.0000000,T
EST,HO,31108,F,1972-11-01 00:00:00.0000000,T
EST,HO,32017,M,1960-01-01 00:00:00.0000000,T
EST,HO,32118,F,1972-02-02 00:00:00.0000000,T
EST,HO,32825,M,1956-02-27 00:00:00.0000000,T
EST,HO,34138,F,1966-03-22 00:00:00.0000000,T
EST,HO,37067,M,1975-05-17 00:00:00.0000000,A
EST,HO,37572,F,1979-12-31 00:00:00.0000000,A
EST,HO,37774,F,1973-05-02 00:00:00.0000000,A
EST,HO,37875,F,1973-05-02 00:00:00.0000000,A
EST,HO,38178,F,1978-01-29 00:00:00.0000000,A
EST,HO,38380,F,1978-01-01 00:00:00.0000000,T
EST,HO,38683,F,1975-01-21 00:00:00.0000000,T
EST,HO,38784,M,1979-12-31 00:00:00.0000000,A
EST,HO,39693,F,1977-11-18 00:00:00.0000000,T
EST,HO,40198,F,1977-12-30 00:00:00.0000000,A
EST,HO,40602,F,1978-01-23 00:00:00.0000000,A
EST,HO,40804,F,1977-04-20 00:00:00.0000000,T
EST,HO,40905,F,1977-04-20 00:00:00.0000000,T
EST,HO,41107,F,1973-05-01 00:00:00.0000000,A
EST,HO,41208,F,1973-05-01 00:00:00.0000000,A
EST,HO,41309,F,1979-12-31 00:00:00.0000000,A
EST,HO,41814,F,1977-05-02 00:00:00.0000000,T
EST,HO,42420,M,1978-01-01 00:00:00.0000000,T
EST,HO,42622,M,1978-01-01 00:00:00.0000000,A
EST,HO,42723,M,1978-01-01 00:00:00.0000000,A
EST,HO,42925,M,1977-05-18 00:00:00.0000000,A
EST,HO,43632,M,1977-05-18 00:00:00.0000000,A
EST,HO,43834,M,1977-04-20 00:00:00.0000000,A
EST,HO,44440,F,1975-12-31 00:00:00.0000000,A
EST,HO,44541,F,1977-06-18 00:00:00.0000000,A
EST,HO,44642,F,1978-01-01 00:00:00.0000000,T
EST,HO,45450,M,1977-11-18 00:00:00.0000000,A
EST,HO,46763,M,1977-11-18 00:00:00.0000000,A
EST,HO,46864,F,1977-11-18 00:00:00.0000000,A
EST,HO,47773,M,1977-11-18 00:00:00.0000000,A
EST,HO,48177,F,1979-12-31 00:00:00.0000000,T
EST,HO,48985,F,1983-01-01 00:00:00.0000000,A
EST,HO,49591,M,1978-01-01 00:00:00.0000000,T
EST,HO,49793,M,1977-11-18 00:00:00.0000000,T
EST,HO,50298,F,NULL,NULL
EST,HO,50399,F,1978-12-31 00:00:00.0000000,T
EST,HO,50601,F,1967-12-31 00:00:00.0000000,T
EST,HO,50904,M,1965-08-02 00:00:00.0000000,A
EST,HO,51914,F,1983-01-01 00:00:00.0000000,A
EST,HO,52419,F,1997-08-16 00:00:00.0000000,T
EST,HO,52621,F,1983-01-20 00:00:00.0000000,A
EST,HO,53732,F,1983-01-01 00:00:00.0000000,T
EST,HO,56560,F,1983-01-01 00:00:00.0000000,A
EST,HO,56661,F,1983-01-01 00:00:00.0000000,A
EST,HO,57570,F,1978-01-01 00:00:00.0000000,A
EST,HO,58580,F,1978-12-31 00:00:00.0000000,T
EST,HO,58681,M,NULL,NULL
EST,HO,59287,F,1980-01-18 00:00:00.0000000,T
EST,HO,59691,F,1980-09-29 00:00:00.0000000,A
EST,HO,59792,F,1970-10-01 00:00:00.0000000,A
EST,HO,60600,F,1977-11-18 00:00:00.0000000,A
EST,HO,61408,F,1981-02-27 00:00:00.0000000,A
EST,HO,61812,F,1981-04-05 00:00:00.0000000,T
EST,HO,62317,M,1981-07-21 00:00:00.0000000,A
EST,HO,62620,F,1981-08-20 00:00:00.0000000,T
EST,HO,63125,F,1971-01-01 00:00:00.0000000,T
EST,HO,63428,F,1988-04-27 00:00:00.0000000,A
EST,HO,63529,F,1983-04-27 00:00:00.0000000,A
EST,HO,64236,F,1979-01-01 00:00:00.0000000,A
EST,HO,64741,M,1988-12-01 00:00:00.0000000,A
EST,HO,65650,F,1983-02-01 00:00:00.0000000,T
EST,HO,65751,F,1983-12-01 00:00:00.0000000,A
EST,HO,65852,F,1983-02-01 00:00:00.0000000,A
EST,HO,66256,F,1982-01-21 00:00:00.0000000,A
EST,HO,66559,F,1983-12-01 00:00:00.0000000,A
EST,HO,67064,F,1984-02-28 00:00:00.0000000,A
EST,HO,67367,F,1984-02-28 00:00:00.0000000,A
EST,HO,67468,M,1979-04-09 00:00:00.0000000,A
EST,HO,67569,F,1979-04-09 00:00:00.0000000,T
EST,HO,68175,F,1982-07-01 00:00:00.0000000,A
EST,HO,68377,M,1987-01-01 00:00:00.0000000,A
EST,HO,68579,F,1987-06-23 00:00:00.0000000,A
EST,HO,68680,M,1984-11-20 00:00:00.0000000,A
EST,HO,68781,M,1976-12-31 00:00:00.0000000,T
EST,HO,68882,M,1987-08-26 00:00:00.0000000,A
EST,HO,69084,M,1987-08-26 00:00:00.0000000,T
EST,HO,69185,M,1984-11-20 00:00:00.0000000,A
EST,HO,69589,M,1984-11-20 00:00:00.0000000,A
EST,HO,69690,M,1984-11-20 00:00:00.0000000,T
EST,HO,69791,M,1984-11-20 00:00:00.0000000,A
EST,HO,69892,M,1984-11-20 00:00:00.0000000,A
EST,HO,69993,M,1987-08-26 00:00:00.0000000,A
EST,HO,70094,M,1972-07-01 00:00:00.0000000,A
EST,HO,70195,M,1987-06-30 00:00:00.0000000,A
EST,HO,70397,M,1984-11-20 00:00:00.0000000,A
EST,HO,70498,M,1984-11-20 00:00:00.0000000,T
EST,HO,70902,M,1987-12-31 00:00:00.0000000,A
EST,HO,71003,M,1987-08-27 00:00:00.0000000,A
EST,HO,71104,M,1984-11-20 00:00:00.0000000,A
EST,HO,71205,M,1987-06-07 00:00:00.0000000,A
EST,HO,71306,M,NULL,NULL
EST,HO,71508,M,1984-11-20 00:00:00.0000000,T
EST,HO,71710,F,1987-06-30 00:00:00.0000000,A
EST,HO,72114,F,1987-12-16 00:00:00.0000000,A
EST,HO,72316,M,1987-08-26 00:00:00.0000000,A
EST,HO,72417,M,1984-11-20 00:00:00.0000000,A
EST,HO,72821,M,1984-11-20 00:00:00.0000000,A
EST,HO,72922,M,1984-11-20 00:00:00.0000000,A
EST,HO,73023,M,1988-06-13 00:00:00.0000000,A
EST,HO,73124,M,1987-06-14 00:00:00.0000000,A
EST,HO,73326,F,1987-08-26 00:00:00.0000000,T
EST,HO,73831,M,1973-05-01 00:00:00.0000000,A
EST,HO,73932,M,1987-06-30 00:00:00.0000000,A
EST,HO,74033,M,1978-09-12 00:00:00.0000000,A
EST,HO,74336,M,1987-08-26 00:00:00.0000000,A
EST,HO,74639,M,1987-05-30 00:00:00.0000000,A
EST,HO,74740,M,1991-11-01 00:00:00.0000000,A
EST,HO,75043,F,1987-06-15 00:00:00.0000000,A
EST,HO,75144,F,1988-06-24 00:00:00.0000000,T
EST,HO,75346,M,1991-11-01 00:00:00.0000000,A
EST,HO,75548,F,1987-07-10 00:00:00.0000000,T
EST,HO,75750,F,1987-08-26 00:00:00.0000000,A
EST,HO,75851,F,1987-10-16 00:00:00.0000000,A
EST,HO,76053,M,1987-11-26 00:00:00.0000000,A
EST,HO,76255,F,1987-11-25 00:00:00.0000000,T
EST,HO,76356,M,1988-01-03 00:00:00.0000000,A
EST,HO,76558,F,1988-02-15 00:00:00.0000000,A
EST,HO,76659,M,1988-02-15 00:00:00.0000000,A
EST,HO,76760,M,1991-11-01 00:00:00.0000000,T
EST,HO,77265,F,1988-03-02 00:00:00.0000000,T
EST,HO,77669,M,1988-03-24 00:00:00.0000000,A
EST,HO,77871,M,1989-03-24 00:00:00.0000000,A
EST,HO,78073,F,1988-04-22 00:00:00.0000000,A
EST,HO,78275,M,1991-11-01 00:00:00.0000000,A
EST,HO,78376,F,1977-09-15 00:00:00.0000000,T
EST,HO,78477,M,1988-12-01 00:00:00.0000000,A
EST,HO,78578,M,1970-06-25 00:00:00.0000000,T
EST,HO,78679,F,1976-06-17 00:00:00.0000000,T
EST,HO,78982,F,1988-02-03 00:00:00.0000000,A
EST,HO,79487,M,1988-08-08 00:00:00.0000000,T
EST,HO,79689,F,1988-09-29 00:00:00.0000000,T
EST,HO,79790,F,1988-07-29 00:00:00.0000000,A
EST,HO,80093,F,1989-09-13 00:00:00.0000000,A
EST,HO,80295,F,1988-10-11 00:00:00.0000000,T
EST,HO,80396,F,1980-06-01 00:00:00.0000000,T
EST,HO,81608,M,1988-12-27 00:00:00.0000000,A
EST,HO,81709,M,1997-04-01 00:00:00.0000000,A
EST,HO,81810,M,1988-12-27 00:00:00.0000000,A
EST,HO,82315,M,1988-12-07 00:00:00.0000000,A
EST,HO,82416,M,1989-05-12 00:00:00.0000000,A
EST,HO,82820,M,1988-12-27 00:00:00.0000000,T
EST,HO,82921,F,1988-03-10 00:00:00.0000000,T
EST,HO,84032,F,NULL,A
EST,HO,84234,M,1989-05-12 00:00:00.0000000,T
EST,HO,84436,M,1989-08-04 00:00:00.0000000,T
EST,HO,84739,F,1989-09-01 00:00:00.0000000,A
EST,HO,85143,M,1984-09-20 00:00:00.0000000,A
EST,HO,85244,F,NULL,A
EST,HO,85446,F,1989-07-01 00:00:00.0000000,A
EST,HO,85648,F,2000-05-01 00:00:00.0000000,T
EST,HO,85951,F,1970-02-14 00:00:00.0000000,A
EST,HO,86658,F,1990-02-13 00:00:00.0000000,A
EST,HO,86860,F,1971-04-21 00:00:00.0000000,A
EST,HO,87062,M,1989-10-11 00:00:00.0000000,T
EST,HO,87163,F,1989-01-05 00:00:00.0000000,T
EST,HO,87264,F,1990-12-10 00:00:00.0000000,A
EST,HO,87870,F,1991-06-13 00:00:00.0000000,T
EST,HO,87971,F,1984-02-01 00:00:00.0000000,A
EST,HO,88072,F,1979-07-01 00:00:00.0000000,A
EST,HO,88173,F,1985-01-01 00:00:00.0000000,A
EST,HO,88375,F,1971-03-01 00:00:00.0000000,A
EST,HO,88476,M,1963-03-01 00:00:00.0000000,T
EST,HO,88577,M,1964-02-17 00:00:00.0000000,A
EST,HO,88678,F,1971-06-11 00:00:00.0000000,T
EST,HO,88779,F,1977-03-30 00:00:00.0000000,A
EST,HO,88880,M,1975-08-01 00:00:00.0000000,T
EST,HO,88981,M,1982-01-01 00:00:00.0000000,T
EST,HO,89183,F,1987-06-24 00:00:00.0000000,T
EST,HO,89284,F,1984-09-20 00:00:00.0000000,A
EST,HO,89385,F,1984-11-03 00:00:00.0000000,A
EST,HO,89587,F,1971-07-01 00:00:00.0000000,T
EST,HO,89688,F,1992-01-05 00:00:00.0000000,A
EST,HO,89890,F,1990-01-01 00:00:00.0000000,A
EST,HO,90193,F,1993-09-28 00:00:00.0000000,A
EST,HO,90294,F,1990-05-02 00:00:00.0000000,A
EST,HO,90395,F,1990-01-01 00:00:00.0000000,A
EST,HO,90496,F,1983-10-13 00:00:00.0000000,A
EST,HO,90597,F,1979-05-19 00:00:00.0000000,A
EST,HO,90698,F,1984-09-12 00:00:00.0000000,A
EST,HO,91001,F,1995-03-29 00:00:00.0000000,A
EST,HO,91809,F,1983-11-23 00:00:00.0000000,A
EST,HO,92011,F,1997-09-01 00:00:00.0000000,T
EST,HO,92112,F,1997-10-24 00:00:00.0000000,A
EST,HO,92213,F,1997-11-18 00:00:00.0000000,A
EST,HO,92314,F,1998-04-12 00:00:00.0000000,A
EST,HO,92516,F,1998-09-01 00:00:00.0000000,A
EST,HO,92617,F,1998-11-18 00:00:00.0000000,A
EST,HO,92718,F,1998-09-01 00:00:00.0000000,T
EST,HO,92819,F,1998-09-01 00:00:00.0000000,A
EST,HO,92920,F,1998-09-01 00:00:00.0000000,A
EST,HO,93021,F,1998-09-01 00:00:00.0000000,A
EST,HO,93122,F,NULL,A
EST,HO,93223,M,2000-02-01 00:00:00.0000000,T
EST,HO,93324,F,1999-03-02 00:00:00.0000000,T
EST,HO,93425,F,1999-03-12 00:00:00.0000000,A
EST,HO,93526,F,1999-07-29 00:00:00.0000000,T
EST,HO,93627,F,1999-07-27 00:00:00.0000000,A
EST,HO,93728,F,2000-02-01 00:00:00.0000000,T
EST,HO,93829,M,2000-04-01 00:00:00.0000000,A
EST,HO,93930,M,2000-04-01 00:00:00.0000000,A
EST,HO,94031,M,2002-05-01 00:00:00.0000000,A
EST,HO,94132,M,2000-05-01 00:00:00.0000000,A
EST,HO,94233,M,2000-05-01 00:00:00.0000000,A
EST,HO,94334,M,2000-05-01 00:00:00.0000000,T
EST,HO,94435,M,2000-05-01 00:00:00.0000000,A
EST,HO,94536,M,2000-05-01 00:00:00.0000000,T
EST,HO,94637,M,2000-05-01 00:00:00.0000000,T
EST,HO,94738,M,2000-04-01 00:00:00.0000000,A
EST,HO,94839,M,2000-05-01 00:00:00.0000000,A
EST,HO,94940,M,2000-04-01 00:00:00.0000000,A
EST,HO,95041,M,2000-05-01 00:00:00.0000000,A
EST,HO,95142,M,2000-05-01 00:00:00.0000000,A
EST,HO,95243,M,2000-05-01 00:00:00.0000000,A
EST,HO,95344,M,2000-04-01 00:00:00.0000000,T
EST,HO,95445,M,2000-05-01 00:00:00.0000000,A
EST,HO,95546,M,2000-05-01 00:00:00.0000000,A
EST,HO,95647,M,2000-05-01 00:00:00.0000000,A
EST,HO,95748,M,2000-05-01 00:00:00.0000000,A
EST,HO,95849,M,2002-05-01 00:00:00.0000000,T
EST,HO,95950,M,2000-04-01 00:00:00.0000000,A
EST,HO,96152,M,2000-05-01 00:00:00.0000000,A
EST,HO,96253,F,2000-05-01 00:00:00.0000000,A
EST,HO,96354,F,2000-05-01 00:00:00.0000000,A
EST,HO,96455,F,2000-05-01 00:00:00.0000000,A
EST,HO,96556,M,2000-04-01 00:00:00.0000000,A
EST,HO,96657,F,2000-05-01 00:00:00.0000000,A
EST,HO,96758,F,2000-05-01 00:00:00.0000000,A
EST,HO,96859,F,2000-05-01 00:00:00.0000000,T
EST,HO,96960,F,2000-05-01 00:00:00.0000000,A
EST,HO,97061,F,2000-05-01 00:00:00.0000000,A
EST,HO,97162,F,2000-05-01 00:00:00.0000000,A
EST,HO,97263,F,NULL,NULL
EST,HO,97364,F,2000-05-01 00:00:00.0000000,A
EST,HO,97465,F,2000-04-01 00:00:00.0000000,A
EST,HO,97566,F,2000-05-01 00:00:00.0000000,A
EST,HO,97667,F,2000-05-01 00:00:00.0000000,A
EST,HO,97768,F,2000-05-01 00:00:00.0000000,A
EST,HO,97869,F,2000-05-01 00:00:00.0000000,A
EST,HO,98071,F,2000-05-01 00:00:00.0000000,A
EST,HO,98172,F,2000-05-01 00:00:00.0000000,A
EST,HO,98273,M,2000-05-01 00:00:00.0000000,A
EST,HO,98475,M,2000-05-01 00:00:00.0000000,A
EST,HO,98576,M,2000-05-01 00:00:00.0000000,A
EST,HO,98677,M,2000-05-01 00:00:00.0000000,T
EST,HO,98879,M,2000-05-01 00:00:00.0000000,A
EST,HO,98980,F,2000-05-01 00:00:00.0000000,T
EST,HO,99081,M,NULL,T
EST,HO,99182,M,2000-05-01 00:00:00.0000000,A
EST,HO,99283,M,2000-05-01 00:00:00.0000000,A
EST,HO,99384,M,2000-05-01 00:00:00.0000000,A
EST,HO,99485,F,2000-04-01 00:00:00.0000000,A
EST,HO,99586,F,2000-05-01 00:00:00.0000000,A
EST,HO,99889,F,2001-06-04 00:00:00.0000000,A
EST,HO,99990,F,2001-10-01 00:00:00.0000000,A
EST,HO,100091,F,2001-09-25 00:00:00.0000000,A
EST,HO,100192,F,2001-12-15 00:00:00.0000000,A
EST,HO,101404,M,2001-03-01 00:00:00.0000000,T
EST,HO,101606,F,2002-02-01 00:00:00.0000000,P
EST,HO,102515,F,NULL,T
EST,HO,102818,F,NULL,T
EST,HO,103323,M,2001-03-01 00:00:00.0000000,T
EST,HO,103424,M,2001-03-01 00:00:00.0000000,A
EST,HO,103525,M,2001-03-01 00:00:00.0000000,A
EST,HO,103626,F,2002-04-01 00:00:00.0000000,A
EST,HO,103929,M,2001-03-01 00:00:00.0000000,T
EST,HO,104636,M,2001-03-01 00:00:00.0000000,T
EST,HO,104737,F,NULL,T
EST,HO,104838,M,2001-03-01 00:00:00.0000000,A
EST,HO,104939,M,2001-03-01 00:00:00.0000000,A
EST,HO,105040,M,2001-03-01 00:00:00.0000000,A
EST,HO,105141,M,2001-03-01 00:00:00.0000000,A
EST,HO,105242,F,NULL,T
EST,HO,105343,F,2001-04-05 00:00:00.0000000,T
EST,HO,105545,M,2002-04-01 00:00:00.0000000,T
EST,HO,105747,F,NULL,T
EST,HO,106151,M,2001-03-01 00:00:00.0000000,T
EST,HO,106252,M,2001-05-01 00:00:00.0000000,A
EST,HO,106757,M,1980-08-07 00:00:00.0000000,A
EST,HO,106959,M,2001-03-01 00:00:00.0000000,T
EST,HO,107161,F,2002-02-01 00:00:00.0000000,A
EST,HO,107666,F,2001-03-01 00:00:00.0000000,A
EST,HO,108676,F,2001-03-01 00:00:00.0000000,A
EST,HO,109888,M,2001-03-01 00:00:00.0000000,A
EST,HO,109989,F,2001-03-01 00:00:00.0000000,A
EST,HO,110797,M,2001-03-01 00:00:00.0000000,A
EST,HO,110898,F,2002-04-24 00:00:00.0000000,T
EST,HO,110999,F,0984-12-13 00:00:00.0000000,A
EST,HO,111100,M,2000-08-01 00:00:00.0000000,P
EST,HO,111201,F,2002-09-20 00:00:00.0000000,T
EST,HO,111403,F,2003-03-15 00:00:00.0000000,A
EST,HO,111504,F,2003-03-21 00:00:00.0000000,A
EST,HO,111605,F,2003-04-01 00:00:00.0000000,A
EST,HO,111807,F,2003-10-13 00:00:00.0000000,A
EST,HO,111908,F,2003-11-17 00:00:00.0000000,A
EST,HO,112009,F,2004-02-01 00:00:00.0000000,A
EST,HO,112110,F,2004-02-01 00:00:00.0000000,A
EST,HO,112211,F,2004-02-01 00:00:00.0000000,A
EST,HO,112312,F,2004-02-01 00:00:00.0000000,A
EST,HO,112413,F,2004-02-01 00:00:00.0000000,A
EST,HO,112514,F,2004-02-01 00:00:00.0000000,A
EST,HO,112615,F,2004-02-01 00:00:00.0000000,A
EST,HO,112716,F,2004-02-01 00:00:00.0000000,A
EST,HO,112817,F,2004-02-01 00:00:00.0000000,A
EST,HO,112918,F,2004-02-01 00:00:00.0000000,A
EST,HO,113019,F,2004-02-01 00:00:00.0000000,A
EST,HO,113120,F,2004-05-10 00:00:00.0000000,A
EST,HO,113221,F,2005-02-16 00:00:00.0000000,A
EST,HO,113322,F,2005-03-14 00:00:00.0000000,A
EST,HO,113423,F,2005-04-04 00:00:00.0000000,A
EST,HO,113524,F,2005-05-02 00:00:00.0000000,A
EST,HO,113625,M,2005-05-02 00:00:00.0000000,A
EST,HO,113726,M,2005-05-01 00:00:00.0000000,A
EST,HO,113827,M,2005-05-02 00:00:00.0000000,A
EST,HO,113928,M,2005-05-02 00:00:00.0000000,A
EST,HO,114029,F,2005-05-02 00:00:00.0000000,A
EST,HO,114130,F,2005-05-02 00:00:00.0000000,A
EST,HO,114231,F,2005-05-02 00:00:00.0000000,A
EST,HO,114332,F,2005-05-02 00:00:00.0000000,A
EST,HO,114433,F,2005-05-02 00:00:00.0000000,A
EST,HO,114534,F,2005-05-02 00:00:00.0000000,A
EST,HO,114635,F,2005-05-02 00:00:00.0000000,A
EST,HO,114736,F,2005-05-02 00:00:00.0000000,A
EST,HO,114837,F,2005-05-02 00:00:00.0000000,A
EST,HO,114938,F,2005-05-02 00:00:00.0000000,A
EST,HO,115039,F,2005-05-02 00:00:00.0000000,A
EST,HO,115140,F,2005-05-02 00:00:00.0000000,A
EST,HO,115241,F,2005-05-02 00:00:00.0000000,A
EST,HO,115342,F,2005-05-02 00:00:00.0000000,A
EST,HO,115443,F,2005-05-02 00:00:00.0000000,A
EST,HO,115544,F,2005-05-02 00:00:00.0000000,A
EST,HO,115645,M,2005-05-02 00:00:00.0000000,A
EST,HO,115746,F,2005-05-02 00:00:00.0000000,A
EST,HO,115847,F,2005-05-02 00:00:00.0000000,A
EST,HO,115948,M,2005-05-02 00:00:00.0000000,A
EST,HO,116049,F,2005-05-12 00:00:00.0000000,A
EST,HO,116150,M,2005-07-14 00:00:00.0000000,A
EST,HO,707000,M,2002-01-01 00:00:00.0000000,A
EST,HO,707101,M,2002-01-01 00:00:00.0000000,A
EST,HO,707202,M,2002-02-01 00:00:00.0000000,T
EST,HO,1010101,M,NULL,A
EST,HO,1011010,M,NULL,A
EST,HO,1011111,M,NULL,A
EST,HO,1011515,F,2002-06-01 00:00:00.0000000,A
EST,HO,1011616,F,2002-06-01 00:00:00.0000000,A
EST,HO,1011717,F,2002-06-01 00:00:00.0000000,A
EST,HO,1011818,F,2002-06-01 00:00:00.0000000,A
EST,HO,1011919,F,2002-06-01 00:00:00.0000000,A
EST,HO,1012020,F,2002-06-01 00:00:00.0000000,A
EST,HO,1012121,F,2002-06-01 00:00:00.0000000,A
EST,HO,1012222,M,2002-06-01 00:00:00.0000000,A
EST,HO,1012323,M,2002-06-01 00:00:00.0000000,A
EST,HO,1012424,F,2002-06-01 00:00:00.0000000,A
EST,HO,1012525,F,2002-06-01 00:00:00.0000000,A
EST,HO,1013232,M,2002-07-01 00:00:00.0000000,I
EST,HO,1013333,M,2002-07-01 00:00:00.0000000,I
EST,HO,1013434,M,2002-07-01 00:00:00.0000000,I
EST,HO,1013535,F,2002-08-06 00:00:00.0000000,A
EST,HO,1015151,F,2003-03-24 00:00:00.0000000,A
EST,HO,1015454,F,2003-03-24 00:00:00.0000000,A
EST,HO,1015959,M,NULL,A
EST,HO,1017979,F,2003-03-24 00:00:00.0000000,A
EST,HO,1018080,F,2003-03-24 00:00:00.0000000,A
EST,HO,1018383,M,2003-03-01 00:00:00.0000000,A
EST,HO,1018484,M,2003-03-01 00:00:00.0000000,A
EST,HO,1018585,M,2003-03-01 00:00:00.0000000,A
EST,HO,1019393,F,2003-04-29 00:00:00.0000000,A
EST,HO,1019494,F,2003-04-29 00:00:00.0000000,A
EST,HO,1020100,M,2003-05-01 00:00:00.0000000,A
EST,HO,1020605,M,2003-05-01 00:00:00.0000000,A
EST,HO,1021312,M,2003-05-01 00:00:00.0000000,A
EST,HO,1021413,M,2003-05-01 00:00:00.0000000,A
EST,HO,1021514,M,2003-05-01 00:00:00.0000000,A
EST,HO,1021615,M,2003-05-01 00:00:00.0000000,A
EST,HO,1023433,M,2004-06-01 00:00:00.0000000,A
EST,HO,1023534,M,2004-06-01 00:00:00.0000000,I
EST,HO,1023635,M,2004-06-01 00:00:00.0000000,I
EST,HO,1024342,M,NULL,A
EST,HO,1025453,F,2004-11-17 00:00:00.0000000,A
EST,HO,1025554,M,2004-11-17 00:00:00.0000000,A
EST,HO,1025655,M,2004-11-17 00:00:00.0000000,A
EST,HO,1025756,M,2004-11-17 00:00:00.0000000,A
EST,HO,1025857,M,2004-11-18 00:00:00.0000000,A
EST,HO,1025958,F,2004-11-20 00:00:00.0000000,A
EST,HO,1026059,F,2004-11-22 00:00:00.0000000,A
EST,HO,1026160,F,2004-11-22 00:00:00.0000000,A
EST,HO,1026261,F,2004-12-02 00:00:00.0000000,A
EST,HO,1026362,F,2004-12-02 00:00:00.0000000,A
EST,HO,1027271,F,2001-12-02 00:00:00.0000000,A
EST,HO,1027372,F,2004-12-02 00:00:00.0000000,A
EST,HO,1028382,M,2004-12-01 00:00:00.0000000,A
EST,HO,1028887,M,2004-12-01 00:00:00.0000000,A
EST,HO,1029190,F,2005-01-19 00:00:00.0000000,A
EST,HO,1029493,F,2005-02-07 00:00:00.0000000,A
EST,HO,1029594,F,2005-02-07 00:00:00.0000000,A
EST,HO,1029695,F,2005-02-07 00:00:00.0000000,A
EST,HO,1030099,F,2005-03-14 00:00:00.0000000,A
EST,HO,1030200,F,2005-04-20 00:00:00.0000000,A
EST,HO,1030301,M,2005-04-20 00:00:00.0000000,A
EST,HO,1030402,F,2005-04-20 00:00:00.0000000,A
EST,HO,1030503,F,2005-04-20 00:00:00.0000000,A
EST,HO,1030604,F,2005-04-20 00:00:00.0000000,A
EST,HO,1030705,F,2005-04-20 00:00:00.0000000,A
EST,HO,1030806,F,2005-04-20 00:00:00.0000000,A
EST,HO,1030907,F,2005-04-20 00:00:00.0000000,A
EST,HO,1031008,F,2005-04-20 00:00:00.0000000,A
EST,HO,1031109,F,2005-04-20 00:00:00.0000000,A
EST,HO,1031210,M,2005-04-20 00:00:00.0000000,A
EST,HO,1031715,F,2005-05-06 00:00:00.0000000,A
EST,HO,1031816,F,2005-05-06 00:00:00.0000000,A
EST,HO,1031917,M,2005-05-09 00:00:00.0000000,A
EST,HO,1032018,M,2005-05-10 00:00:00.0000000,A
EST,HO,1032119,M,2005-05-10 00:00:00.0000000,A
EST,HO,1032220,M,2005-05-10 00:00:00.0000000,A
EST,HO,1032321,M,2005-05-10 00:00:00.0000000,A
EST,HO,1032422,M,2005-05-10 00:00:00.0000000,A
EST,HO,1032523,M,2005-05-10 00:00:00.0000000,A
EST,HO,1032624,M,2005-05-10 00:00:00.0000000,A
EST,HO,1033129,F,2005-05-10 00:00:00.0000000,A
EST,HO,1033230,F,2005-06-01 00:00:00.0000000,A
EST,HO,1033331,F,2005-06-10 00:00:00.0000000,A
EST,HO,1035149,F,2005-07-19 00:00:00.0000000,A
EST,HO,2020303,M,NULL,A
EST,HO,2020404,M,NULL,A
EST,HO,3030101,F,NULL,A
EST,HO,3030202,M,NULL,A
EST,HO,3030303,M,NULL,A
EST,HO,3030404,M,NULL,A
EST,HO,3030505,M,NULL,A
EST,HO,3030606,M,NULL,A
EST,HO,3030707,M,NULL,A
EST,HO,3030808,M,NULL,A
EST,HO,5050000,M,NULL,A
EST,LD,243208,M,1966-03-23 00:00:00.0000000,T
EST,LD,257146,F,1966-03-01 00:00:00.0000000,A
EST,LD,258156,F,1968-11-30 00:00:00.0000000,T
EST,LD,289264,F,1968-12-01 00:00:00.0000000,A
EST,LD,289365,M,1968-12-11 00:00:00.0000000,A
EST,LD,290779,M,1971-04-01 00:00:00.0000000,A
EST,LD,291284,M,1968-12-01 00:00:00.0000000,A
EST,LD,296536,M,1969-12-31 00:00:00.0000000,A
EST,LD,312999,F,1980-08-20 00:00:00.0000000,A
EST,LD,314817,F,1970-12-29 00:00:00.0000000,T
EST,LD,331886,F,1972-11-22 00:00:00.0000000,A
EST,LD,332391,M,1972-11-22 00:00:00.0000000,T
EST,LD,332593,M,1986-08-12 00:00:00.0000000,A
EST,LD,333805,F,1973-02-12 00:00:00.0000000,T
EST,LD,342188,F,1957-03-14 00:00:00.0000000,A
EST,LD,342592,F,1956-08-28 00:00:00.0000000,A
EST,LD,345319,F,1974-08-01 00:00:00.0000000,A
EST,LD,352793,M,1972-11-22 00:00:00.0000000,T
EST,LD,359156,F,1975-03-21 00:00:00.0000000,A
EST,LD,359257,F,1975-03-21 00:00:00.0000000,A
EST,LD,359661,M,1975-03-21 00:00:00.0000000,A
EST,LD,360166,F,1975-03-21 00:00:00.0000000,A
EST,LD,360671,M,1975-03-21 00:00:00.0000000,A
EST,LD,360974,M,1975-03-21 00:00:00.0000000,A
EST,LD,361277,M,1975-03-21 00:00:00.0000000,A
EST,LD,361580,F,1975-03-21 00:00:00.0000000,T
EST,LD,361782,M,1975-03-21 00:00:00.0000000,A
EST,LD,368549,F,1977-01-03 00:00:00.0000000,A
EST,LD,368650,F,1972-01-10 00:00:00.0000000,A
EST,LD,370468,M,1972-11-20 00:00:00.0000000,T
EST,LD,370771,M,1977-05-19 00:00:00.0000000,A
EST,LD,370973,M,1977-05-19 00:00:00.0000000,A
EST,LD,371175,M,1977-04-21 00:00:00.0000000,A
EST,LD,371276,M,1977-05-19 00:00:00.0000000,A
EST,LD,371377,M,1975-03-21 00:00:00.0000000,A
EST,LD,371579,M,1977-05-19 00:00:00.0000000,A
EST,LD,371680,M,1977-05-19 00:00:00.0000000,A
EST,LD,371781,M,1977-05-19 00:00:00.0000000,A
EST,LD,371882,M,1977-04-21 00:00:00.0000000,A
EST,LD,372084,M,1977-05-19 00:00:00.0000000,A
EST,LD,388446,M,1980-08-01 00:00:00.0000000,T
EST,LD,393496,M,1986-11-12 00:00:00.0000000,T
EST,LD,394405,M,1980-08-07 00:00:00.0000000,A
EST,LD,407838,M,1978-05-01 00:00:00.0000000,A
EST,LD,409959,F,1978-03-07 00:00:00.0000000,A
EST,LD,411979,F,1978-10-02 00:00:00.0000000,A
EST,LD,412080,F,1978-10-02 00:00:00.0000000,A
EST,LD,412181,F,1978-05-09 00:00:00.0000000,A
EST,LD,415009,F,1978-06-26 00:00:00.0000000,T
EST,LD,415514,F,1978-10-01 00:00:00.0000000,A
EST,LD,422988,F,1979-06-11 00:00:00.0000000,A
EST,LD,425109,F,1979-10-28 00:00:00.0000000,A
EST,LD,426422,F,1980-07-14 00:00:00.0000000,A
EST,LD,428644,F,1981-02-24 00:00:00.0000000,A
EST,LD,429351,F,1981-06-26 00:00:00.0000000,A
EST,LD,433391,F,1981-02-01 00:00:00.0000000,A
EST,LD,433492,F,1984-01-01 00:00:00.0000000,A
EST,LD,433795,F,1982-02-01 00:00:00.0000000,A
EST,LD,440966,M,1961-06-04 00:00:00.0000000,A
EST,LD,446420,F,1983-10-24 00:00:00.0000000,A
EST,LD,446824,F,1983-12-01 00:00:00.0000000,A
EST,LD,447026,F,1983-12-01 00:00:00.0000000,T
EST,LD,447430,F,1984-12-11 00:00:00.0000000,A
EST,LD,448440,F,1984-02-01 00:00:00.0000000,A
EST,LD,448945,F,1983-12-01 00:00:00.0000000,A
EST,LD,450763,F,1986-11-12 00:00:00.0000000,A
EST,LD,450864,F,1984-11-07 00:00:00.0000000,A
EST,LD,453086,F,1985-09-06 00:00:00.0000000,A
EST,LD,457429,F,1986-07-14 00:00:00.0000000,A
EST,LD,459146,F,1984-02-28 00:00:00.0000000,A
EST,LD,459247,F,1987-04-28 00:00:00.0000000,A
EST,LD,460257,F,1986-05-21 00:00:00.0000000,A
EST,LD,463994,F,1989-08-01 00:00:00.0000000,T
EST,LD,476114,M,1984-11-13 00:00:00.0000000,A
EST,LD,476215,M,1984-11-13 00:00:00.0000000,T
EST,LD,476619,F,1986-05-21 00:00:00.0000000,A
EST,LD,477023,M,1985-11-13 00:00:00.0000000,T
EST,LD,477225,M,1984-11-13 00:00:00.0000000,T
EST,LD,477528,M,1984-11-13 00:00:00.0000000,A
EST,LD,478033,M,1986-03-11 00:00:00.0000000,A
EST,LD,478740,M,1987-04-27 00:00:00.0000000,T
EST,LD,478942,M,1991-11-01 00:00:00.0000000,A
EST,LD,479043,M,1987-05-01 00:00:00.0000000,A
EST,LD,479144,M,1999-11-01 00:00:00.0000000,A
EST,LD,479346,M,1987-06-01 00:00:00.0000000,A
EST,LD,480760,F,1988-01-01 00:00:00.0000000,A
EST,LD,481972,F,1987-05-12 00:00:00.0000000,A
EST,LD,484800,F,1988-12-04 00:00:00.0000000,A
EST,LD,484901,F,1988-02-04 00:00:00.0000000,A
EST,LD,485002,M,1987-04-01 00:00:00.0000000,A
EST,LD,485103,M,1987-04-27 00:00:00.0000000,A
EST,LD,487830,F,1986-02-25 00:00:00.0000000,P
EST,LD,488436,M,1988-03-24 00:00:00.0000000,A
EST,LD,495506,M,1986-08-29 00:00:00.0000000,A
EST,LD,496112,F,1988-11-01 00:00:00.0000000,A
EST,LD,496213,M,1991-11-01 00:00:00.0000000,A
EST,LD,496314,M,1988-12-01 00:00:00.0000000,A
EST,LD,499748,M,1998-02-05 00:00:00.0000000,A
EST,LD,500354,F,1989-08-01 00:00:00.0000000,A
EST,LD,503889,F,1989-08-03 00:00:00.0000000,A
EST,LD,510151,F,1990-07-28 00:00:00.0000000,A
EST,LD,510656,F,1990-01-01 00:00:00.0000000,T
EST,LD,511262,M,1990-01-22 00:00:00.0000000,T
EST,LD,512979,F,1990-01-01 00:00:00.0000000,T
EST,LD,514595,F,1989-02-01 00:00:00.0000000,A
EST,LD,517625,M,1966-03-01 00:00:00.0000000,T
EST,LD,517928,M,1965-05-20 00:00:00.0000000,A
EST,LD,518029,F,1973-01-01 00:00:00.0000000,A
EST,LD,518332,F,1975-03-21 00:00:00.0000000,A
EST,LD,518433,F,1966-03-01 00:00:00.0000000,T
EST,LD,518534,F,1975-08-15 00:00:00.0000000,T
EST,LD,518635,F,1978-04-11 00:00:00.0000000,A
EST,LD,519241,M,1987-06-01 00:00:00.0000000,A
EST,LD,519544,F,1988-05-25 00:00:00.0000000,A
EST,LD,519645,M,1988-03-01 00:00:00.0000000,A
EST,LD,519746,F,1988-05-01 00:00:00.0000000,A
EST,LD,519847,F,1988-12-01 00:00:00.0000000,A
EST,LD,522877,F,1992-08-01 00:00:00.0000000,A
EST,LD,523988,F,1992-12-30 00:00:00.0000000,T
EST,LD,524291,F,1993-06-10 00:00:00.0000000,A
EST,LD,524897,F,1994-01-10 00:00:00.0000000,A
EST,LD,525806,F,1994-09-06 00:00:00.0000000,A
EST,LD,526008,F,1994-11-28 00:00:00.0000000,A
EST,LD,526109,F,1984-11-28 00:00:00.0000000,A
EST,LD,526311,F,1995-01-19 00:00:00.0000000,A
EST,LD,526412,F,1995-12-16 00:00:00.0000000,A
EST,LD,526917,F,1987-11-18 00:00:00.0000000,T
EST,LD,528533,F,2000-09-01 00:00:00.0000000,T
EST,LD,529644,F,1998-09-01 00:00:00.0000000,T
EST,LD,529745,F,1998-04-01 00:00:00.0000000,T
EST,LD,529846,F,1998-09-01 00:00:00.0000000,A
EST,LD,529947,F,1998-09-01 00:00:00.0000000,A
EST,LD,530048,F,1998-09-01 00:00:00.0000000,A
EST,LD,531159,F,1999-01-02 00:00:00.0000000,A
EST,LD,531260,F,1999-01-02 00:00:00.0000000,A
EST,LD,531664,F,1999-08-12 00:00:00.0000000,A
EST,LD,531967,F,1999-11-11 00:00:00.0000000,A
EST,LD,537724,M,2000-02-01 00:00:00.0000000,A
EST,LD,537825,M,2000-02-01 00:00:00.0000000,A
EST,LD,537926,M,2000-02-01 00:00:00.0000000,T
EST,LD,538027,M,2000-02-01 00:00:00.0000000,A
EST,LD,538128,M,2000-02-01 00:00:00.0000000,A
EST,LD,538229,M,2000-02-01 00:00:00.0000000,T
EST,LD,538330,M,2000-02-01 00:00:00.0000000,A
EST,LD,538431,M,2000-02-01 00:00:00.0000000,T
EST,LD,538532,M,2000-02-01 00:00:00.0000000,T
EST,LD,538633,M,2000-02-01 00:00:00.0000000,A
EST,LD,538734,M,2000-02-01 00:00:00.0000000,A
EST,LD,538835,M,2000-02-01 00:00:00.0000000,A
EST,LD,538936,M,2000-02-01 00:00:00.0000000,A
EST,LD,539138,M,2000-02-01 00:00:00.0000000,T
EST,LD,539239,M,2000-02-01 00:00:00.0000000,A
EST,LD,539340,M,2000-02-01 00:00:00.0000000,A
EST,LD,539441,M,2000-02-01 00:00:00.0000000,A
EST,LD,539542,M,2000-02-01 00:00:00.0000000,T
EST,LD,539643,M,2000-02-01 00:00:00.0000000,A
EST,LD,539744,M,2000-02-01 00:00:00.0000000,T
EST,LD,539845,M,2000-02-01 00:00:00.0000000,T
EST,LD,539946,F,2000-02-01 00:00:00.0000000,A
EST,LD,540047,F,2000-02-01 00:00:00.0000000,A
EST,LD,540148,F,2000-02-01 00:00:00.0000000,T
EST,LD,540249,F,2000-02-01 00:00:00.0000000,T
EST,LD,540350,F,2000-02-01 00:00:00.0000000,A
EST,LD,540451,F,2000-02-01 00:00:00.0000000,T
EST,LD,540754,F,2000-02-01 00:00:00.0000000,A
EST,LD,540855,F,2000-02-01 00:00:00.0000000,T
EST,LD,541259,F,2000-02-01 00:00:00.0000000,T
EST,LD,541663,F,2000-02-01 00:00:00.0000000,T
EST,LD,547824,F,2000-06-22 00:00:00.0000000,A
EST,LD,548733,F,2000-09-01 00:00:00.0000000,A
EST,LD,556106,M,2001-11-03 00:00:00.0000000,A
EST,LD,556207,M,2001-11-03 00:00:00.0000000,A
EST,LD,556308,M,2001-11-03 00:00:00.0000000,A
EST,LD,556409,M,2001-11-03 00:00:00.0000000,A
EST,LD,556510,M,2001-11-03 00:00:00.0000000,A
EST,LD,556611,M,2011-11-03 00:00:00.0000000,A
EST,LD,556712,M,2001-11-03 00:00:00.0000000,A
EST,LD,556813,M,2001-11-03 00:00:00.0000000,A
EST,LD,556914,M,2001-11-03 00:00:00.0000000,A
EST,LD,559237,F,2002-02-14 00:00:00.0000000,A
EST,LD,560449,M,NULL,T
EST,LD,560550,M,NULL,A
EST,LD,560651,M,NULL,T
EST,LD,560752,M,NULL,A
EST,LD,560853,M,NULL,T
EST,LD,560954,M,NULL,A
EST,LD,561055,M,NULL,T
EST,LD,561156,M,NULL,A
EST,LD,561257,M,NULL,T
EST,LD,561358,M,NULL,A
EST,LD,561459,M,NULL,A
EST,LD,563075,F,2002-04-08 00:00:00.0000000,A
EST,LD,563277,F,2002-04-08 00:00:00.0000000,A
EST,LD,563378,F,2002-04-01 00:00:00.0000000,A
EST,LD,563479,F,2002-04-01 00:00:00.0000000,A
EST,LD,563580,F,2002-04-01 00:00:00.0000000,T
EST,LD,564085,F,2002-04-09 00:00:00.0000000,T
EST,LD,564186,M,2002-04-10 00:00:00.0000000,T
EST,LD,568327,M,NULL,A
EST,LD,571054,M,2004-01-04 00:00:00.0000000,T
EST,LD,571155,F,2004-02-20 00:00:00.0000000,T
EST,LD,571357,M,2004-04-01 00:00:00.0000000,T
EST,LD,571458,F,2004-02-20 00:00:00.0000000,A
EST,LD,571862,F,2004-12-01 00:00:00.0000000,A
EST,LD,577215,F,2005-06-13 00:00:00.0000000,A
EST,LD,577316,F,2005-06-13 00:00:00.0000000,A
EST,LD,577417,F,2005-06-13 00:00:00.0000000,A
EST,LD,1012222,M,2003-05-01 00:00:00.0000000,A
EST,LD,1012323,M,2003-05-01 00:00:00.0000000,A
EST,LD,1012424,M,2003-05-01 00:00:00.0000000,A
EST,LD,1012626,F,2002-06-01 00:00:00.0000000,A
EST,LD,1012727,F,2002-06-01 00:00:00.0000000,T
EST,LD,1013636,M,2002-10-01 00:00:00.0000000,A
EST,LD,1013737,M,2002-10-01 00:00:00.0000000,A
EST,LD,1013838,M,NULL,A
EST,LD,1015050,F,2002-11-21 00:00:00.0000000,A
EST,LD,1015858,M,NULL,A
EST,LD,1018282,M,2003-03-01 00:00:00.0000000,A
EST,LD,1020302,M,2003-05-01 00:00:00.0000000,A
EST,LD,1020807,M,2003-05-01 00:00:00.0000000,A
EST,LD,1023231,M,2004-06-01 00:00:00.0000000,A
EST,LD,1023736,M,2004-06-01 00:00:00.0000000,A
EST,LD,1024140,M,NULL,A
EST,LD,1028180,M,2004-12-01 00:00:00.0000000,A
EST,LD,1028685,M,2004-12-01 00:00:00.0000000,A
EST,LD,2020606,M,NULL,A
EST,LD,2020707,M,NULL,A
EST,LD,2020808,M,NULL,A
EST,LD,2020909,M,NULL,A
EST,LD,2021010,M,NULL,A
EST,LD,2022525,M,NULL,A
EST,LD,3030101,M,NULL,A
EST,LD,4040707,M,NULL,A
EST,LD,4040808,M,NULL,A
EST,LD,7070000,M,NULL,A
EST,LD,7070101,M,NULL,A
EST,LD,7070303,M,NULL,A
EST,MD,4343,F,NULL,NULL
EST,MD,194526,F,1964-02-17 00:00:00.0000000,T
EST,MD,214322,M,1975-03-18 00:00:00.0000000,A
EST,MD,231593,F,1968-12-01 00:00:00.0000000,T
EST,MD,235532,M,1966-03-01 00:00:00.0000000,A
EST,MD,247854,F,1969-09-01 00:00:00.0000000,A
EST,MD,270983,F,1969-07-05 00:00:00.0000000,A
EST,MD,280376,M,1973-02-01 00:00:00.0000000,A
EST,MD,284719,F,1968-11-02 00:00:00.0000000,A
EST,MD,285022,M,1968-11-02 00:00:00.0000000,A
EST,MD,286234,M,1968-11-02 00:00:00.0000000,A
EST,MD,286537,M,1968-11-02 00:00:00.0000000,A
EST,MD,295930,F,1971-04-15 00:00:00.0000000,A
EST,MD,300172,M,1970-01-01 00:00:00.0000000,A
EST,MD,300980,F,1971-04-16 00:00:00.0000000,T
EST,MD,306535,F,1973-06-01 00:00:00.0000000,A
EST,MD,306636,M,1970-05-17 00:00:00.0000000,T
EST,MD,306737,F,1970-06-17 00:00:00.0000000,T
EST,MD,314918,F,1973-06-01 00:00:00.0000000,T
EST,MD,319059,F,1972-01-01 00:00:00.0000000,A
EST,MD,321685,F,1972-06-22 00:00:00.0000000,T
EST,MD,327947,F,2000-08-07 00:00:00.0000000,T
EST,MD,335219,F,1973-05-29 00:00:00.0000000,A
EST,MD,344309,F,1974-06-01 00:00:00.0000000,A
EST,MD,348147,F,1975-03-18 00:00:00.0000000,A
EST,MD,348551,F,1975-03-18 00:00:00.0000000,T
EST,MD,350167,F,1975-03-18 00:00:00.0000000,A
EST,MD,350672,M,1975-03-18 00:00:00.0000000,A
EST,MD,362792,M,1975-05-12 00:00:00.0000000,A
EST,MD,370266,F,1977-06-13 00:00:00.0000000,T
EST,MD,386123,F,1977-01-27 00:00:00.0000000,A
EST,MD,386729,F,1977-07-15 00:00:00.0000000,A
EST,MD,387133,F,1977-11-05 00:00:00.0000000,T
EST,MD,387436,M,1973-06-01 00:00:00.0000000,A
EST,MD,388749,F,1977-04-18 00:00:00.0000000,A
EST,MD,389153,F,1977-04-18 00:00:00.0000000,T
EST,MD,389860,M,1977-05-08 00:00:00.0000000,A
EST,MD,390466,M,1977-05-18 00:00:00.0000000,A
EST,MD,390971,M,1977-05-18 00:00:00.0000000,A
EST,MD,391476,M,1977-05-18 00:00:00.0000000,A
EST,MD,391880,M,1977-11-17 00:00:00.0000000,A
EST,MD,391981,M,1977-11-17 00:00:00.0000000,A
EST,MD,392486,M,1980-07-08 00:00:00.0000000,A
EST,MD,392587,M,1980-08-01 00:00:00.0000000,A
EST,MD,392688,M,1977-11-17 00:00:00.0000000,A
EST,MD,405717,F,1978-01-12 00:00:00.0000000,T
EST,MD,406020,F,1978-04-04 00:00:00.0000000,A
EST,MD,408444,F,1978-04-07 00:00:00.0000000,A
EST,MD,408646,F,1978-03-06 00:00:00.0000000,A
EST,MD,409757,M,1978-03-01 00:00:00.0000000,A
EST,MD,411171,M,1978-08-16 00:00:00.0000000,A
EST,MD,411272,M,1978-08-16 00:00:00.0000000,A
EST,MD,411878,F,1978-08-16 00:00:00.0000000,A
EST,MD,414302,M,1978-09-13 00:00:00.0000000,A
EST,MD,414504,M,1978-09-13 00:00:00.0000000,A
EST,MD,416322,M,1979-03-31 00:00:00.0000000,A
EST,MD,416423,M,1979-03-31 00:00:00.0000000,A
EST,MD,416625,M,1979-03-31 00:00:00.0000000,A
EST,MD,416827,M,1979-03-31 00:00:00.0000000,A
EST,MD,417231,F,1979-03-31 00:00:00.0000000,A
EST,MD,417332,M,1979-03-31 00:00:00.0000000,A
EST,MD,422382,F,2001-01-01 00:00:00.0000000,A
EST,MD,425412,F,1980-01-05 00:00:00.0000000,A
EST,MD,425513,M,1980-12-19 00:00:00.0000000,A
EST,MD,427533,M,1980-12-17 00:00:00.0000000,T
EST,MD,429351,F,2001-02-01 00:00:00.0000000,A
EST,MD,431371,F,1981-10-05 00:00:00.0000000,A
EST,MD,435613,F,1982-02-01 00:00:00.0000000,A
EST,MD,435714,F,1982-01-07 00:00:00.0000000,A
EST,MD,436017,F,1989-09-06 00:00:00.0000000,A
EST,MD,438239,F,1981-05-28 00:00:00.0000000,A
EST,MD,439552,F,NULL,A
EST,MD,440663,F,1983-02-16 00:00:00.0000000,T
EST,MD,440764,F,1983-02-16 00:00:00.0000000,A
EST,MD,440865,F,1983-02-24 00:00:00.0000000,A
EST,MD,441471,F,1983-10-10 00:00:00.0000000,A
EST,MD,441673,F,1987-05-21 00:00:00.0000000,T
EST,MD,441774,F,1983-12-01 00:00:00.0000000,A
EST,MD,441875,F,1983-12-01 00:00:00.0000000,A
EST,MD,442380,F,1992-08-07 00:00:00.0000000,A
EST,MD,442481,F,1983-12-01 00:00:00.0000000,T
EST,MD,442986,F,0200-04-05 00:00:00.0000000,T
EST,MD,444501,F,1985-10-10 00:00:00.0000000,A
EST,MD,444905,F,1983-12-01 00:00:00.0000000,T
EST,MD,449147,F,1984-02-08 00:00:00.0000000,A
EST,MD,449248,F,1984-04-10 00:00:00.0000000,T
EST,MD,449349,F,1984-05-16 00:00:00.0000000,A
EST,MD,449551,F,1984-03-12 00:00:00.0000000,A
EST,MD,450258,F,1984-10-01 00:00:00.0000000,A
EST,MD,451773,F,1971-02-18 00:00:00.0000000,A
EST,MD,451874,F,1985-05-01 00:00:00.0000000,A
EST,MD,452985,F,1985-09-05 00:00:00.0000000,A
EST,MD,453894,F,1986-02-20 00:00:00.0000000,A
EST,MD,454399,F,1986-05-26 00:00:00.0000000,A
EST,MD,457227,F,1986-07-09 00:00:00.0000000,A
EST,MD,457833,M,1986-09-10 00:00:00.0000000,A
EST,MD,458641,F,1986-11-25 00:00:00.0000000,A
EST,MD,458742,M,1986-11-12 00:00:00.0000000,A
EST,MD,458944,F,1987-02-16 00:00:00.0000000,A
EST,MD,459045,F,1987-04-24 00:00:00.0000000,A
EST,MD,459247,F,1987-04-28 00:00:00.0000000,A
EST,MD,459348,F,1973-06-01 00:00:00.0000000,A
EST,MD,460863,F,1986-05-21 00:00:00.0000000,A
EST,MD,460964,F,1986-06-06 00:00:00.0000000,T
EST,MD,461166,F,1986-05-22 00:00:00.0000000,A
EST,MD,461469,M,1984-11-20 00:00:00.0000000,A
EST,MD,461772,M,1984-11-20 00:00:00.0000000,A
EST,MD,461974,M,1984-11-20 00:00:00.0000000,A
EST,MD,462176,M,1984-11-20 00:00:00.0000000,T
EST,MD,462277,M,1984-11-20 00:00:00.0000000,A
EST,MD,462378,M,1984-11-20 00:00:00.0000000,A
EST,MD,462782,M,1984-11-20 00:00:00.0000000,T
EST,MD,462984,M,1984-11-20 00:00:00.0000000,A
EST,MD,463287,M,1984-11-20 00:00:00.0000000,A
EST,MD,463691,M,1987-04-24 00:00:00.0000000,T
EST,MD,463792,M,1987-04-24 00:00:00.0000000,A
EST,MD,463994,M,1987-04-24 00:00:00.0000000,A
EST,MD,464095,M,1987-04-08 00:00:00.0000000,A
EST,MD,464196,M,1987-04-24 00:00:00.0000000,T
EST,MD,464903,F,1987-04-24 00:00:00.0000000,A
EST,MD,465509,M,1987-04-24 00:00:00.0000000,A
EST,MD,465812,M,1987-05-21 00:00:00.0000000,A
EST,MD,466216,M,1987-05-21 00:00:00.0000000,T
EST,MD,466317,M,1987-05-10 00:00:00.0000000,A
EST,MD,466721,F,1987-06-17 00:00:00.0000000,A
EST,MD,466822,M,1987-11-20 00:00:00.0000000,A
EST,MD,466923,M,1986-07-05 00:00:00.0000000,A
EST,MD,482679,F,1987-10-22 00:00:00.0000000,A
EST,MD,483184,F,1987-11-16 00:00:00.0000000,A
EST,MD,483285,M,1987-12-01 00:00:00.0000000,T
EST,MD,483487,F,1987-12-22 00:00:00.0000000,A
EST,MD,486416,F,1988-02-10 00:00:00.0000000,A
EST,MD,486517,F,1988-03-23 00:00:00.0000000,A
EST,MD,486921,F,1988-06-02 00:00:00.0000000,A
EST,MD,493486,F,1988-08-29 00:00:00.0000000,A
EST,MD,493587,F,1988-08-29 00:00:00.0000000,A
EST,MD,493789,M,1988-09-01 00:00:00.0000000,T
EST,MD,493991,F,1988-09-01 00:00:00.0000000,T
EST,MD,494193,M,1988-10-03 00:00:00.0000000,A
EST,MD,494597,M,1988-11-18 00:00:00.0000000,T
EST,MD,494799,M,1988-12-09 00:00:00.0000000,A
EST,MD,495001,F,1989-01-04 00:00:00.0000000,A
EST,MD,495304,F,1989-01-31 00:00:00.0000000,T
EST,MD,496415,F,1988-11-18 00:00:00.0000000,A
EST,MD,497930,F,1989-01-05 00:00:00.0000000,A
EST,MD,502273,F,2000-03-28 00:00:00.0000000,T
EST,MD,502576,F,1989-05-31 00:00:00.0000000,A
EST,MD,502980,F,1989-04-07 00:00:00.0000000,A
EST,MD,504091,F,1989-09-05 00:00:00.0000000,T
EST,MD,508333,F,1990-02-14 00:00:00.0000000,A
EST,MD,508535,F,1989-10-17 00:00:00.0000000,A
EST,MD,508737,M,1989-09-02 00:00:00.0000000,A
EST,MD,509242,F,1979-09-06 00:00:00.0000000,A
EST,MD,509343,F,1990-04-16 00:00:00.0000000,A
EST,MD,509646,F,1990-06-28 00:00:00.0000000,A
EST,MD,509747,F,1990-06-28 00:00:00.0000000,A
EST,MD,509848,F,1990-07-24 00:00:00.0000000,A
EST,MD,512272,F,1991-12-01 00:00:00.0000000,T
EST,MD,513080,F,1991-06-01 00:00:00.0000000,T
EST,MD,513181,F,1991-06-24 00:00:00.0000000,A
EST,MD,513383,F,1991-08-22 00:00:00.0000000,A
EST,MD,513787,F,1991-09-18 00:00:00.0000000,A
EST,MD,514090,F,1991-10-28 00:00:00.0000000,A
EST,MD,514292,F,1972-04-04 00:00:00.0000000,A
EST,MD,515605,M,1979-03-31 00:00:00.0000000,A
EST,MD,515807,F,1966-03-01 00:00:00.0000000,A
EST,MD,515908,F,1984-06-15 00:00:00.0000000,A
EST,MD,516009,F,1976-02-11 00:00:00.0000000,T
EST,MD,516211,M,1980-12-24 00:00:00.0000000,A
EST,MD,516615,F,1978-03-09 00:00:00.0000000,A
EST,MD,516817,M,1975-03-18 00:00:00.0000000,A
EST,MD,516918,F,1987-06-11 00:00:00.0000000,A
EST,MD,517423,M,1987-08-02 00:00:00.0000000,A
EST,MD,517524,F,1989-02-22 00:00:00.0000000,A
EST,MD,522372,F,1972-07-08 00:00:00.0000000,A
EST,MD,523079,F,1992-09-01 00:00:00.0000000,A
EST,MD,523180,F,1972-09-01 00:00:00.0000000,A
EST,MD,524089,F,NULL,A
EST,MD,526513,F,1991-07-05 00:00:00.0000000,A
EST,MD,527220,F,1975-08-20 00:00:00.0000000,A
EST,MD,527624,F,1986-05-21 00:00:00.0000000,A
EST,MD,529240,F,1988-09-01 00:00:00.0000000,A
EST,MD,529442,F,1998-09-01 00:00:00.0000000,A
EST,MD,529543,F,1998-09-01 00:00:00.0000000,A
EST,MD,530654,F,1998-09-01 00:00:00.0000000,T
EST,MD,530755,F,1998-09-01 00:00:00.0000000,T
EST,MD,532169,F,1999-12-06 00:00:00.0000000,T
EST,MD,532270,F,2000-02-01 00:00:00.0000000,A
EST,MD,532573,F,2000-03-06 00:00:00.0000000,A
EST,MD,532775,M,2000-03-09 00:00:00.0000000,A
EST,MD,532876,F,2000-02-01 00:00:00.0000000,A
EST,MD,532977,F,2000-02-01 00:00:00.0000000,A
EST,MD,533078,F,2000-02-01 00:00:00.0000000,T
EST,MD,533179,F,2000-02-01 00:00:00.0000000,A
EST,MD,533280,F,2000-02-01 00:00:00.0000000,A
EST,MD,533381,F,2000-02-01 00:00:00.0000000,T
EST,MD,533482,F,2000-02-01 00:00:00.0000000,A
EST,MD,533583,F,2000-02-01 00:00:00.0000000,A
EST,MD,533886,F,2000-02-01 00:00:00.0000000,A
EST,MD,533987,F,2000-02-01 00:00:00.0000000,P
EST,MD,534088,M,2000-02-01 00:00:00.0000000,A
EST,MD,534189,M,2000-02-01 00:00:00.0000000,T
EST,MD,534290,F,2000-02-01 00:00:00.0000000,A
EST,MD,534391,F,2000-02-01 00:00:00.0000000,A
EST,MD,534492,F,2000-02-01 00:00:00.0000000,T
EST,MD,534593,M,2000-02-01 00:00:00.0000000,T
EST,MD,534694,F,2000-02-01 00:00:00.0000000,A
EST,MD,534795,F,2000-02-01 00:00:00.0000000,A
EST,MD,534997,F,2000-02-01 00:00:00.0000000,A
EST,MD,535199,F,2000-02-01 00:00:00.0000000,T
EST,MD,535300,F,2001-07-01 00:00:00.0000000,A
EST,MD,535805,F,2000-02-01 00:00:00.0000000,A
EST,MD,535906,F,2000-02-01 00:00:00.0000000,T
EST,MD,536209,F,2001-07-01 00:00:00.0000000,A
EST,MD,536310,F,2005-06-01 00:00:00.0000000,I
EST,MD,536411,M,2001-07-01 00:00:00.0000000,T
EST,MD,537017,M,2001-07-01 00:00:00.0000000,A
EST,MD,547723,M,2000-05-15 00:00:00.0000000,A
EST,MD,549036,M,2000-11-23 00:00:00.0000000,T
EST,MD,550753,F,NULL,A
EST,MD,550955,F,2001-06-01 00:00:00.0000000,T
EST,MD,551258,F,2001-07-01 00:00:00.0000000,A
EST,MD,551460,M,2001-07-01 00:00:00.0000000,T
EST,MD,552066,M,2001-07-01 00:00:00.0000000,A
EST,MD,552167,F,2001-07-01 00:00:00.0000000,T
EST,MD,552773,M,2001-07-01 00:00:00.0000000,T
EST,MD,552874,F,2002-01-01 00:00:00.0000000,A
EST,MD,552975,M,2001-07-01 00:00:00.0000000,T
EST,MD,553076,M,2001-07-01 00:00:00.0000000,T
EST,MD,553177,M,2001-07-01 00:00:00.0000000,A
EST,MD,553278,M,2001-07-01 00:00:00.0000000,T
EST,MD,553480,M,2001-07-01 00:00:00.0000000,A
EST,MD,553581,M,2002-07-01 00:00:00.0000000,A
EST,MD,553783,M,NULL,A
EST,MD,553884,M,2002-07-01 00:00:00.0000000,T
EST,MD,553985,M,2001-07-01 00:00:00.0000000,A
EST,MD,554187,M,2002-07-01 00:00:00.0000000,A
EST,MD,554288,M,2001-07-01 00:00:00.0000000,T
EST,MD,554389,M,2001-07-01 00:00:00.0000000,A
EST,MD,554591,F,2001-07-01 00:00:00.0000000,A
EST,MD,554793,M,2002-07-01 00:00:00.0000000,T
EST,MD,555197,M,2001-07-01 00:00:00.0000000,T
EST,MD,555298,M,2001-07-01 00:00:00.0000000,T
EST,MD,555399,F,2001-07-01 00:00:00.0000000,T
EST,MD,555500,F,2001-07-01 00:00:00.0000000,A
EST,MD,555601,M,2001-07-01 00:00:00.0000000,A
EST,MD,555702,M,2001-07-01 00:00:00.0000000,T
EST,MD,555803,F,2001-07-01 00:00:00.0000000,A
EST,MD,555904,F,2001-07-01 00:00:00.0000000,A
EST,MD,556005,F,NULL,A
EST,MD,556106,F,2001-07-01 00:00:00.0000000,T
EST,MD,556207,M,2001-07-01 00:00:00.0000000,T
EST,MD,556308,M,NULL,T
EST,MD,557318,F,2001-10-01 00:00:00.0000000,A
EST,MD,558833,F,NULL,A
EST,MD,558934,F,2002-01-01 00:00:00.0000000,T
EST,MD,559035,F,2002-01-01 00:00:00.0000000,T
EST,MD,559338,F,2002-02-20 00:00:00.0000000,A
EST,MD,560348,F,2002-03-07 00:00:00.0000000,A
EST,MD,561560,M,NULL,A
EST,MD,561661,M,NULL,A
EST,MD,561762,F,2002-04-01 00:00:00.0000000,A
EST,MD,562368,M,2002-01-01 00:00:00.0000000,A
EST,MD,565499,F,NULL,T
EST,MD,566307,F,2002-03-25 00:00:00.0000000,A
EST,MD,566408,F,2002-06-10 00:00:00.0000000,A
EST,MD,566509,F,2002-06-10 00:00:00.0000000,T
EST,MD,566610,M,2002-06-10 00:00:00.0000000,A
EST,MD,566711,F,2002-06-10 00:00:00.0000000,T
EST,MD,566812,M,2002-06-10 00:00:00.0000000,T
EST,MD,567014,M,2002-06-20 00:00:00.0000000,A
EST,MD,567115,F,2002-06-20 00:00:00.0000000,T
EST,MD,567216,F,2002-06-20 00:00:00.0000000,A
EST,MD,567317,M,2002-06-20 00:00:00.0000000,T
EST,MD,567418,M,2002-06-20 00:00:00.0000000,T
EST,MD,567519,F,2002-06-20 00:00:00.0000000,A
EST,MD,567620,F,2002-06-20 00:00:00.0000000,A
EST,MD,569034,F,2002-11-14 00:00:00.0000000,A
EST,MD,569135,F,2002-12-01 00:00:00.0000000,A
EST,MD,571256,F,2004-04-01 00:00:00.0000000,A
EST,MD,571963,F,2005-04-20 00:00:00.0000000,A
EST,MD,572064,F,2005-04-20 00:00:00.0000000,A
EST,MD,572165,F,2005-04-20 00:00:00.0000000,A
EST,MD,572266,F,2005-04-20 00:00:00.0000000,A
EST,MD,572367,F,2005-04-20 00:00:00.0000000,A
EST,MD,572468,F,2005-04-20 00:00:00.0000000,A
EST,MD,572569,F,2005-04-20 00:00:00.0000000,A
EST,MD,572670,F,2005-04-20 00:00:00.0000000,A
EST,MD,572771,F,2005-04-20 00:00:00.0000000,A
EST,MD,572872,F,2005-04-20 00:00:00.0000000,A
EST,MD,572973,F,2005-04-20 00:00:00.0000000,A
EST,MD,573074,F,2005-04-20 00:00:00.0000000,A
EST,MD,573175,F,2005-04-20 00:00:00.0000000,A
EST,MD,573276,F,2005-04-20 00:00:00.0000000,A
EST,MD,573377,F,2005-04-20 00:00:00.0000000,A
EST,MD,573478,F,2005-04-20 00:00:00.0000000,A
EST,MD,573579,F,2005-04-20 00:00:00.0000000,A
EST,MD,573680,F,2005-04-20 00:00:00.0000000,A
EST,MD,573781,F,2005-04-20 00:00:00.0000000,A
EST,MD,573882,F,2005-04-20 00:00:00.0000000,A
EST,MD,573983,F,2005-04-20 00:00:00.0000000,A
EST,MD,574084,F,2005-04-20 00:00:00.0000000,A
EST,MD,574185,F,2005-04-20 00:00:00.0000000,A
EST,MD,574286,F,2005-04-20 00:00:00.0000000,A
EST,MD,574387,F,2005-04-20 00:00:00.0000000,A
EST,MD,577013,F,2005-06-01 00:00:00.0000000,A
EST,MD,606505,F,2002-06-01 00:00:00.0000000,A
EST,MD,1010000,F,2002-05-01 00:00:00.0000000,A
EST,MD,1010101,M,NULL,A
EST,MD,1010202,M,NULL,A
EST,MD,1010303,M,NULL,A
EST,MD,1010404,M,NULL,A
EST,MD,1010505,F,2002-05-01 00:00:00.0000000,A
EST,MD,1010606,F,2002-05-01 00:00:00.0000000,A
EST,MD,1010707,F,2002-05-01 00:00:00.0000000,A
EST,MD,1010808,F,2002-05-01 00:00:00.0000000,A
EST,MD,1010909,F,2002-05-01 00:00:00.0000000,A
EST,MD,1011010,F,2002-05-01 00:00:00.0000000,A
EST,MD,1011111,F,2002-05-01 00:00:00.0000000,A
EST,MD,1011212,F,2002-05-01 00:00:00.0000000,A
EST,MD,1011313,F,2002-05-01 00:00:00.0000000,A
EST,MD,1011414,F,2002-05-01 00:00:00.0000000,A
EST,MD,1012323,M,NULL,A
EST,MD,1012424,F,NULL,A
EST,MD,1012626,M,2003-09-01 00:00:00.0000000,A
EST,MD,1013232,F,NULL,A
EST,MD,1013939,M,2002-11-10 00:00:00.0000000,A
EST,MD,1014040,M,2002-11-10 00:00:00.0000000,A
EST,MD,1014141,M,2002-11-10 00:00:00.0000000,A
EST,MD,1014242,M,2002-11-10 00:00:00.0000000,A
EST,MD,1014343,M,2002-11-10 00:00:00.0000000,A
EST,MD,1014444,M,2002-11-10 00:00:00.0000000,A
EST,MD,1014545,M,2002-11-10 00:00:00.0000000,A
EST,MD,1014646,F,2002-11-10 00:00:00.0000000,A
EST,MD,1015757,M,NULL,A
EST,MD,1017878,M,NULL,A
EST,MD,1020201,M,2003-05-01 00:00:00.0000000,A
EST,MD,1020706,M,2003-05-01 00:00:00.0000000,A
EST,MD,1021009,M,2003-05-01 00:00:00.0000000,A
EST,MD,1021110,M,2003-05-01 00:00:00.0000000,A
EST,MD,1021211,M,2003-05-01 00:00:00.0000000,A
EST,MD,1023029,M,2004-05-01 00:00:00.0000000,A
EST,MD,1023130,M,2004-06-01 00:00:00.0000000,A
EST,MD,1023635,M,2004-06-01 00:00:00.0000000,A
EST,MD,1024039,M,2004-06-01 00:00:00.0000000,A
EST,MD,1024443,F,2004-11-17 00:00:00.0000000,A
EST,MD,1024544,F,2004-11-18 00:00:00.0000000,A
EST,MD,1024645,F,2004-11-18 00:00:00.0000000,A
EST,MD,1024746,F,2004-11-19 00:00:00.0000000,A
EST,MD,1024847,F,2004-11-19 00:00:00.0000000,A
EST,MD,1024948,F,2004-11-21 00:00:00.0000000,A
EST,MD,1025049,F,2004-11-22 00:00:00.0000000,A
EST,MD,1025150,F,2004-11-22 00:00:00.0000000,A
EST,MD,1025251,F,2004-11-22 00:00:00.0000000,A
EST,MD,1025352,F,2004-11-23 00:00:00.0000000,A
EST,MD,1026463,F,2004-12-02 00:00:00.0000000,A
EST,MD,1027473,F,2004-12-06 00:00:00.0000000,A
EST,MD,1027574,F,2004-12-07 00:00:00.0000000,A
EST,MD,1027675,M,2004-12-01 00:00:00.0000000,A
EST,MD,1028079,M,2004-12-01 00:00:00.0000000,A
EST,MD,1028584,M,2004-12-01 00:00:00.0000000,A
EST,MD,1029089,F,2005-01-05 00:00:00.0000000,A
EST,MD,1029998,M,2005-02-01 00:00:00.0000000,A
EST,MD,2020505,M,NULL,A
EST,MD,2020606,M,NULL,A
EST,MD,2020808,M,NULL,A
EST,MD,2020909,M,NULL,A
EST,MD,2021010,M,NULL,A
EST,MD,2021111,M,NULL,A
EST,MD,2021212,M,NULL,A
EST,MD,2021313,M,NULL,A
EST,MD,2021414,M,NULL,A
EST,MD,2021515,M,NULL,A
EST,MD,2021616,M,NULL,A
EST,MD,2021717,M,NULL,A
EST,MD,2025050,F,NULL,A
EST,MD,3030101,M,NULL,A
EST,ST,4949,F,1979-11-15 00:00:00.0000000,T
EST,ST,30603,M,1956-12-10 00:00:00.0000000,T
EST,ST,32320,M,1960-07-01 00:00:00.0000000,A
EST,ST,32623,M,1960-07-01 00:00:00.0000000,T
EST,ST,33229,M,1960-07-01 00:00:00.0000000,A
EST,ST,34441,M,1961-01-08 00:00:00.0000000,T
EST,ST,36259,F,1962-01-26 00:00:00.0000000,A
EST,ST,39289,M,1963-12-01 00:00:00.0000000,T
EST,ST,42521,M,1966-01-22 00:00:00.0000000,T
EST,ST,42723,F,1966-02-01 00:00:00.0000000,A
EST,ST,43935,M,1966-02-01 00:00:00.0000000,A
EST,ST,46157,M,1967-02-01 00:00:00.0000000,A
EST,ST,46763,F,1967-02-01 00:00:00.0000000,A
EST,ST,46965,M,1966-02-01 00:00:00.0000000,T
EST,ST,47672,F,1967-02-01 00:00:00.0000000,T
EST,ST,51611,F,1967-09-14 00:00:00.0000000,T
EST,ST,51712,F,1967-10-12 00:00:00.0000000,T
EST,ST,53429,F,1970-07-23 00:00:00.0000000,T
EST,ST,53631,F,1970-06-01 00:00:00.0000000,A
EST,ST,53732,F,1971-03-03 00:00:00.0000000,A
EST,ST,54136,F,1971-03-03 00:00:00.0000000,T
EST,ST,60701,F,1973-05-23 00:00:00.0000000,T
EST,ST,65044,F,1976-09-23 00:00:00.0000000,A
EST,ST,65650,M,1977-11-15 00:00:00.0000000,A
EST,ST,65852,M,1977-11-15 00:00:00.0000000,A
EST,ST,66054,F,1977-11-15 00:00:00.0000000,A
EST,ST,66256,M,1977-11-15 00:00:00.0000000,T
EST,ST,66357,M,1977-11-15 00:00:00.0000000,A
EST,ST,68276,F,1977-11-15 00:00:00.0000000,T
EST,ST,68579,F,1977-09-01 00:00:00.0000000,A
EST,ST,69589,M,1977-11-15 00:00:00.0000000,T
EST,ST,69993,F,1977-02-01 00:00:00.0000000,A
EST,ST,70902,F,1977-12-01 00:00:00.0000000,A
EST,ST,71205,F,1977-12-01 00:00:00.0000000,A
EST,ST,71609,M,1977-12-01 00:00:00.0000000,A
EST,ST,71710,M,1977-12-01 00:00:00.0000000,T
EST,ST,72821,M,1978-02-01 00:00:00.0000000,A
EST,ST,72922,M,1978-02-01 00:00:00.0000000,A
EST,ST,73730,M,1979-11-15 00:00:00.0000000,A
EST,ST,76255,M,1978-03-01 00:00:00.0000000,T
EST,ST,77063,F,1978-03-30 00:00:00.0000000,A
EST,ST,77366,F,1979-01-01 00:00:00.0000000,A
EST,ST,77972,M,1979-04-01 00:00:00.0000000,T
EST,ST,78780,F,1975-11-15 00:00:00.0000000,A
EST,ST,79083,F,1980-07-08 00:00:00.0000000,A
EST,ST,79184,M,1980-07-08 00:00:00.0000000,A
EST,ST,79386,M,1980-01-01 00:00:00.0000000,A
EST,ST,79487,F,1980-01-01 00:00:00.0000000,A
EST,ST,79588,M,1988-01-01 00:00:00.0000000,A
EST,ST,81103,F,1980-01-01 00:00:00.0000000,A
EST,ST,81406,F,1988-09-01 00:00:00.0000000,A
EST,ST,81709,F,1978-01-01 00:00:00.0000000,A
EST,ST,82214,F,1980-04-01 00:00:00.0000000,A
EST,ST,84032,F,1981-01-01 00:00:00.0000000,T
EST,ST,84335,M,1988-09-01 00:00:00.0000000,A
EST,ST,85042,M,1981-10-01 00:00:00.0000000,A
EST,ST,85345,F,1981-10-01 00:00:00.0000000,A
EST,ST,85446,F,1981-10-01 00:00:00.0000000,A
EST,ST,85850,M,1981-04-16 00:00:00.0000000,T
EST,ST,85951,M,1981-10-01 00:00:00.0000000,A
EST,ST,86254,M,1981-10-01 00:00:00.0000000,A
EST,ST,87264,F,1981-09-01 00:00:00.0000000,A
EST,ST,88072,F,1981-12-01 00:00:00.0000000,A
EST,ST,88173,F,1983-01-01 00:00:00.0000000,A
EST,ST,89284,F,1982-12-03 00:00:00.0000000,A
EST,ST,89587,F,1983-04-07 00:00:00.0000000,A
EST,ST,90193,F,1983-09-01 00:00:00.0000000,A
EST,ST,90496,F,1983-11-01 00:00:00.0000000,A
EST,ST,91102,F,1984-07-01 00:00:00.0000000,T
EST,ST,91304,F,1984-07-01 00:00:00.0000000,A
EST,ST,92112,F,1985-01-01 00:00:00.0000000,T
EST,ST,92314,M,1985-01-01 00:00:00.0000000,T
EST,ST,92819,F,1985-01-01 00:00:00.0000000,A
EST,ST,93425,F,1985-01-01 00:00:00.0000000,A
EST,ST,93728,F,1985-01-01 00:00:00.0000000,T
EST,ST,93829,F,1985-01-01 00:00:00.0000000,T
EST,ST,94334,M,1985-02-13 00:00:00.0000000,A
EST,ST,94637,F,1986-02-15 00:00:00.0000000,A
EST,ST,95041,F,1987-08-07 00:00:00.0000000,A
EST,ST,95142,F,1987-08-31 00:00:00.0000000,T
EST,ST,95647,F,1988-09-01 00:00:00.0000000,T
EST,ST,96354,F,1989-02-01 00:00:00.0000000,A
EST,ST,96859,M,1989-02-01 00:00:00.0000000,A
EST,ST,97263,M,1989-02-01 00:00:00.0000000,A
EST,ST,97566,M,1989-03-01 00:00:00.0000000,A
EST,ST,97667,F,1989-03-01 00:00:00.0000000,A
EST,ST,97970,F,1989-07-01 00:00:00.0000000,A
EST,ST,98071,F,1989-07-01 00:00:00.0000000,A
EST,ST,98273,M,1989-07-01 00:00:00.0000000,A
EST,ST,98778,F,1989-08-01 00:00:00.0000000,A
EST,ST,98980,M,1989-08-01 00:00:00.0000000,A
EST,ST,99182,M,1989-08-01 00:00:00.0000000,A
EST,ST,99283,M,1989-09-01 00:00:00.0000000,A
EST,ST,99586,F,1989-11-01 00:00:00.0000000,A
EST,ST,99788,F,1965-12-08 00:00:00.0000000,A
EST,ST,99990,F,1990-01-01 00:00:00.0000000,A
EST,ST,100091,M,1988-01-01 00:00:00.0000000,A
EST,ST,100192,M,1987-05-01 00:00:00.0000000,A
EST,ST,100394,M,1987-05-01 00:00:00.0000000,T
EST,ST,101101,M,1989-02-01 00:00:00.0000000,T
EST,ST,101707,M,1989-12-01 00:00:00.0000000,A
EST,ST,101808,M,1989-12-01 00:00:00.0000000,A
EST,ST,102212,F,1987-05-01 00:00:00.0000000,A
EST,ST,102313,F,1989-01-01 00:00:00.0000000,A
EST,ST,102515,F,1987-05-01 00:00:00.0000000,T
EST,ST,102818,F,1988-02-18 00:00:00.0000000,A
EST,ST,102919,F,1988-03-08 00:00:00.0000000,A
EST,ST,103222,F,1988-03-10 00:00:00.0000000,A
EST,ST,103323,F,1988-03-10 00:00:00.0000000,A
EST,ST,103626,F,1988-12-07 00:00:00.0000000,A
EST,ST,103727,F,1988-12-07 00:00:00.0000000,T
EST,ST,103828,F,1989-01-01 00:00:00.0000000,A
EST,ST,103929,F,1989-03-01 00:00:00.0000000,A
EST,ST,104232,F,1989-06-09 00:00:00.0000000,A
EST,ST,104333,F,1989-06-09 00:00:00.0000000,A
EST,ST,104434,F,1988-03-01 00:00:00.0000000,A
EST,ST,104535,F,1989-06-01 00:00:00.0000000,A
EST,ST,104838,F,1989-06-01 00:00:00.0000000,A
EST,ST,104939,F,1991-05-11 00:00:00.0000000,A
EST,ST,105545,F,1992-04-01 00:00:00.0000000,A
EST,ST,105848,M,1984-01-01 00:00:00.0000000,A
EST,ST,105949,F,1984-01-01 00:00:00.0000000,A
EST,ST,106252,F,1984-01-01 00:00:00.0000000,A
EST,ST,106353,M,1961-04-08 00:00:00.0000000,T
EST,ST,106656,M,1984-01-01 00:00:00.0000000,A
EST,ST,106757,F,1984-01-01 00:00:00.0000000,A
EST,ST,107060,M,1984-01-01 00:00:00.0000000,A
EST,ST,107161,F,1984-02-01 00:00:00.0000000,A
EST,ST,107262,M,1984-01-01 00:00:00.0000000,A
EST,ST,107363,F,1984-01-01 00:00:00.0000000,A
EST,ST,107565,F,1984-01-01 00:00:00.0000000,A
EST,ST,107666,F,1984-01-01 00:00:00.0000000,A
EST,ST,107767,F,1984-01-01 00:00:00.0000000,A
EST,ST,107868,F,1990-03-01 00:00:00.0000000,T
EST,ST,107969,F,1987-07-20 00:00:00.0000000,A
EST,ST,108070,F,1993-01-01 00:00:00.0000000,A
EST,ST,108171,M,1987-06-01 00:00:00.0000000,A
EST,ST,108272,F,1978-06-01 00:00:00.0000000,A
EST,ST,108373,F,1983-02-01 00:00:00.0000000,A
EST,ST,108474,F,1993-06-11 00:00:00.0000000,A
EST,ST,108575,F,1994-03-21 00:00:00.0000000,A
EST,ST,108676,F,1994-05-01 00:00:00.0000000,A
EST,ST,108979,F,1995-12-18 00:00:00.0000000,A
EST,ST,109080,F,1996-10-16 00:00:00.0000000,A
EST,ST,109181,F,1998-09-10 00:00:00.0000000,A
EST,ST,109282,F,1998-09-10 00:00:00.0000000,A
EST,ST,109383,F,1998-10-01 00:00:00.0000000,A
EST,ST,109484,F,1998-09-10 00:00:00.0000000,T
EST,ST,109585,F,1998-09-10 00:00:00.0000000,A
EST,ST,109787,F,1999-07-19 00:00:00.0000000,A
EST,ST,109888,M,1989-12-01 00:00:00.0000000,A
EST,ST,109989,M,2000-02-01 00:00:00.0000000,A
EST,ST,110090,M,2000-02-01 00:00:00.0000000,A
EST,ST,110292,F,2000-02-01 00:00:00.0000000,A
EST,ST,110393,M,2000-02-01 00:00:00.0000000,A
EST,ST,110494,M,2000-02-01 00:00:00.0000000,A
EST,ST,110595,F,2000-02-01 00:00:00.0000000,T
EST,ST,110696,F,2000-02-01 00:00:00.0000000,T
EST,ST,110797,F,2000-02-01 00:00:00.0000000,A
EST,ST,110898,F,2000-02-01 00:00:00.0000000,A
EST,ST,110999,F,2000-02-01 00:00:00.0000000,A
EST,ST,111100,M,2000-02-01 00:00:00.0000000,A
EST,ST,111201,M,2000-02-01 00:00:00.0000000,A
EST,ST,111403,M,2000-02-01 00:00:00.0000000,A
EST,ST,111504,M,2000-02-01 00:00:00.0000000,A
EST,ST,111605,F,2000-02-01 00:00:00.0000000,T
EST,ST,111706,F,2000-02-01 00:00:00.0000000,A
EST,ST,111908,M,2000-02-01 00:00:00.0000000,A
EST,ST,112009,F,2000-01-01 00:00:00.0000000,T
EST,ST,112110,F,2000-02-01 00:00:00.0000000,A
EST,ST,112211,M,2000-02-01 00:00:00.0000000,A
EST,ST,112413,F,2000-02-01 00:00:00.0000000,A
EST,ST,112514,F,2000-02-01 00:00:00.0000000,A
EST,ST,112615,F,2000-02-01 00:00:00.0000000,A
EST,ST,112716,F,2000-02-01 00:00:00.0000000,A
EST,ST,112817,F,2000-02-01 00:00:00.0000000,A
EST,ST,112918,M,2000-02-01 00:00:00.0000000,A
EST,ST,113120,M,2000-02-01 00:00:00.0000000,A
EST,ST,113221,M,2000-02-01 00:00:00.0000000,A
EST,ST,113322,M,2000-02-01 00:00:00.0000000,A
EST,ST,113423,M,2000-02-01 00:00:00.0000000,A
EST,ST,113625,M,NULL,A
EST,ST,113726,M,2000-02-01 00:00:00.0000000,A
EST,ST,113827,F,2001-11-01 00:00:00.0000000,A
EST,ST,113928,F,2001-11-01 00:00:00.0000000,A
EST,ST,114029,F,2001-11-01 00:00:00.0000000,A
EST,ST,114837,M,2002-01-08 00:00:00.0000000,T
EST,ST,114938,F,2001-11-01 00:00:00.0000000,A
EST,ST,116150,F,2002-01-08 00:00:00.0000000,A
EST,ST,116352,F,2002-01-08 00:00:00.0000000,T
EST,ST,116857,F,2002-01-08 00:00:00.0000000,T
EST,ST,117160,F,2002-01-08 00:00:00.0000000,A
EST,ST,117261,F,2002-01-08 00:00:00.0000000,A
EST,ST,117362,F,2002-01-08 00:00:00.0000000,A
EST,ST,117766,F,2002-01-08 00:00:00.0000000,T
EST,ST,118574,M,2000-02-01 00:00:00.0000000,T
EST,ST,118675,F,2001-10-01 00:00:00.0000000,T
EST,ST,118877,M,2001-11-01 00:00:00.0000000,A
EST,ST,118978,M,2002-11-30 00:00:00.0000000,A
EST,ST,119180,M,2001-11-01 00:00:00.0000000,A
EST,ST,119281,M,2001-11-01 00:00:00.0000000,A
EST,ST,119382,M,2001-11-01 00:00:00.0000000,A
EST,ST,119483,M,2001-11-01 00:00:00.0000000,A
EST,ST,119584,M,2001-11-01 00:00:00.0000000,T
EST,ST,119685,M,2001-11-01 00:00:00.0000000,A
EST,ST,119786,M,2001-11-01 00:00:00.0000000,A
EST,ST,119887,M,2001-11-01 00:00:00.0000000,A
EST,ST,120089,M,2001-11-01 00:00:00.0000000,A
EST,ST,120291,M,2001-11-01 00:00:00.0000000,A
EST,ST,120392,M,2001-11-01 00:00:00.0000000,A
EST,ST,120493,M,2001-11-01 00:00:00.0000000,A
EST,ST,120594,M,2001-11-01 00:00:00.0000000,A
EST,ST,120695,F,2001-11-01 00:00:00.0000000,T
EST,ST,120796,M,2001-11-01 00:00:00.0000000,A
EST,ST,120897,F,2001-11-01 00:00:00.0000000,A
EST,ST,121099,F,2001-11-01 00:00:00.0000000,A
EST,ST,202101,F,2001-11-01 00:00:00.0000000,T
EST,ST,202202,F,2002-01-08 00:00:00.0000000,A
EST,ST,202303,F,2002-01-08 00:00:00.0000000,A
EST,ST,202404,F,2002-01-08 00:00:00.0000000,T
EST,ST,202505,M,2002-01-08 00:00:00.0000000,T
EST,ST,202707,F,2002-01-08 00:00:00.0000000,A
EST,ST,202808,F,2002-01-08 00:00:00.0000000,T
EST,ST,202909,F,2001-11-23 00:00:00.0000000,T
EST,ST,203010,F,2001-11-27 00:00:00.0000000,T
EST,ST,203111,M,2002-01-08 00:00:00.0000000,T
EST,ST,203212,F,2002-01-08 00:00:00.0000000,T
EST,ST,203313,F,2002-01-08 00:00:00.0000000,T
EST,ST,203414,F,2002-01-08 00:00:00.0000000,T
EST,ST,203515,M,2002-01-08 00:00:00.0000000,T
EST,ST,203616,F,2002-01-08 00:00:00.0000000,T
EST,ST,203717,M,2002-01-08 00:00:00.0000000,T
EST,ST,203818,F,2002-01-08 00:00:00.0000000,T
EST,ST,203919,M,2002-01-08 00:00:00.0000000,T
EST,ST,204020,M,2002-01-08 00:00:00.0000000,T
EST,ST,204121,M,2002-01-08 00:00:00.0000000,T
EST,ST,204222,M,2002-01-08 00:00:00.0000000,T
EST,ST,204323,M,2002-01-08 00:00:00.0000000,T
EST,ST,204424,F,2002-01-08 00:00:00.0000000,T
EST,ST,204525,F,2002-01-08 00:00:00.0000000,T
EST,ST,204727,F,2002-02-01 00:00:00.0000000,T
EST,ST,204828,F,1998-11-18 00:00:00.0000000,T
EST,ST,204929,F,2003-12-01 00:00:00.0000000,A
EST,ST,205030,F,2005-02-01 00:00:00.0000000,A
EST,ST,205131,F,2005-05-19 00:00:00.0000000,A
EST,ST,205232,F,2005-05-19 00:00:00.0000000,A
EST,ST,505101,M,NULL,A
EST,ST,505202,M,NULL,A
EST,ST,505303,M,NULL,A
EST,ST,505404,M,NULL,A
EST,ST,505505,M,NULL,A
EST,ST,505606,F,NULL,A
EST,ST,505707,M,NULL,A
EST,ST,1011818,M,2003-05-01 00:00:00.0000000,A
EST,ST,1011919,M,2003-05-01 00:00:00.0000000,A
EST,ST,1012020,M,2003-05-01 00:00:00.0000000,A
EST,ST,1012121,M,2003-05-01 00:00:00.0000000,A
EST,ST,1013030,M,NULL,A
EST,ST,1013131,F,NULL,A
EST,ST,1016060,M,NULL,A
EST,ST,1020403,M,2003-05-01 00:00:00.0000000,A
EST,ST,1020908,M,2003-05-01 00:00:00.0000000,A
EST,ST,1023534,M,2004-06-01 00:00:00.0000000,A
EST,ST,1023938,M,2004-06-01 00:00:00.0000000,A
EST,ST,1026564,F,2004-11-19 00:00:00.0000000,A
EST,ST,1026665,F,2004-11-19 00:00:00.0000000,A
EST,ST,1026766,F,2004-11-19 00:00:00.0000000,A
EST,ST,1026867,F,2004-11-19 00:00:00.0000000,A
EST,ST,1026968,F,2004-11-19 00:00:00.0000000,A
EST,ST,1027069,F,2004-11-19 00:00:00.0000000,A
EST,ST,1027170,F,2004-11-19 00:00:00.0000000,A
EST,ST,1027776,M,2004-12-04 00:00:00.0000000,A
EST,ST,1027877,F,2004-12-09 00:00:00.0000000,A
EST,ST,1027978,M,2004-12-01 00:00:00.0000000,A
EST,ST,1028483,M,2004-12-01 00:00:00.0000000,A
EST,ST,1028988,M,2004-12-01 00:00:00.0000000,A
EST,ST,1029392,F,2005-01-18 00:00:00.0000000,A
EST,ST,1029796,F,2005-01-10 00:00:00.0000000,A
EST,ST,1029897,F,2005-02-01 00:00:00.0000000,A
EST,ST,1031311,F,2005-04-01 00:00:00.0000000,A
EST,ST,1031412,M,2005-04-04 00:00:00.0000000,A
EST,ST,1031513,F,2005-04-22 00:00:00.0000000,A
EST,ST,1031614,F,2005-04-25 00:00:00.0000000,A
EST,ST,1032725,M,2005-05-01 00:00:00.0000000,A
EST,ST,1032826,M,2005-05-10 00:00:00.0000000,A
EST,ST,1032927,M,2005-05-16 00:00:00.0000000,A
EST,ST,1033028,M,2005-05-16 00:00:00.0000000,A
EST,ST,1033129,M,2005-05-17 00:00:00.0000000,A
EST,ST,1033432,F,2005-06-01 00:00:00.0000000,A
EST,ST,1033533,F,2005-06-01 00:00:00.0000000,A
EST,ST,1033634,F,2005-06-01 00:00:00.0000000,A
EST,ST,1033735,M,2005-06-01 00:00:00.0000000,A
EST,ST,1033836,M,2005-06-01 00:00:00.0000000,A
EST,ST,1033937,F,2005-06-01 00:00:00.0000000,A
EST,ST,1034038,M,2005-06-02 00:00:00.0000000,A
EST,ST,1034139,M,2005-06-02 00:00:00.0000000,A
EST,ST,1034240,M,2005-06-02 00:00:00.0000000,A
EST,ST,1034341,M,2005-06-02 00:00:00.0000000,A
EST,ST,1034442,M,2005-06-02 00:00:00.0000000,A
EST,ST,1034543,M,2005-06-02 00:00:00.0000000,A
EST,ST,1034644,F,2005-06-01 00:00:00.0000000,A
EST,ST,1034745,M,2005-06-07 00:00:00.0000000,A
EST,ST,1034846,M,2005-06-13 00:00:00.0000000,A
EST,ST,1034947,M,2005-06-16 00:00:00.0000000,A
EST,ST,1035048,M,2005-06-02 00:00:00.0000000,A
EST,ST,3030101,M,NULL,A
EST,ST,4040101,M,NULL,A
EST,ST,4040202,M,NULL,A
EST,ST,4040303,F,NULL,A
EST,ST,4040404,F,NULL,A
EST,ST,4040505,M,NULL,A
EST,ST,4040606,M,NULL,A
EST,ST,4040707,M,NULL,A
EST,ST,4040808,M,NULL,A
EST,ST,4040909,M,NULL,A
EST,ST,4041010,M,NULL,A
EST,ST,4041111,M,NULL,A
EST,ST,4041212,M,NULL,A
EST,UD,49894,F,1989-04-10 00:00:00.0000000,A
EST,UD,66054,F,1959-02-02 00:00:00.0000000,T
EST,UD,78679,M,1952-03-05 00:00:00.0000000,T
EST,UD,95647,F,1980-10-14 00:00:00.0000000,A
EST,UD,109383,M,1957-02-22 00:00:00.0000000,P
EST,UD,110797,M,1957-03-14 00:00:00.0000000,P
EST,UD,111908,F,1959-04-07 00:00:00.0000000,T
EST,UD,164731,M,1960-01-01 00:00:00.0000000,T
EST,UD,164933,M,1960-01-01 00:00:00.0000000,P
EST,UD,174023,M,1960-05-01 00:00:00.0000000,P
EST,UD,174225,M,1960-05-01 00:00:00.0000000,P
EST,UD,182709,M,1962-03-01 00:00:00.0000000,A
EST,UD,182911,M,1962-03-01 00:00:00.0000000,A
EST,UD,183113,M,1962-03-01 00:00:00.0000000,A
EST,UD,184729,F,1963-03-01 00:00:00.0000000,T
EST,UD,191496,F,1962-06-19 00:00:00.0000000,T
EST,UD,197758,M,1964-02-17 00:00:00.0000000,T
EST,UD,201394,F,1962-12-12 00:00:00.0000000,T
EST,UD,203919,F,1964-02-26 00:00:00.0000000,T
EST,UD,222099,M,1963-01-01 00:00:00.0000000,T
EST,UD,222705,M,1968-01-01 00:00:00.0000000,T
EST,UD,223816,M,1968-01-01 00:00:00.0000000,T
EST,UD,244319,F,1965-07-28 00:00:00.0000000,T
EST,UD,268761,F,1967-07-02 00:00:00.0000000,T
EST,UD,268862,F,1967-08-08 00:00:00.0000000,T
EST,UD,274720,F,1971-04-15 00:00:00.0000000,A
EST,UD,274821,F,1971-04-15 00:00:00.0000000,T
EST,UD,277245,M,1971-04-15 00:00:00.0000000,A
EST,UD,277851,M,1971-04-15 00:00:00.0000000,A
EST,UD,278154,M,1971-04-15 00:00:00.0000000,A
EST,UD,278457,M,1971-04-15 00:00:00.0000000,A
EST,UD,278962,M,1971-04-15 00:00:00.0000000,T
EST,UD,279164,F,1971-04-15 00:00:00.0000000,A
EST,UD,279568,M,1995-03-01 00:00:00.0000000,A
EST,UD,280780,M,1971-04-15 00:00:00.0000000,A
EST,UD,280982,M,1971-04-15 00:00:00.0000000,T
EST,UD,293708,F,1969-04-17 00:00:00.0000000,T
EST,UD,299768,M,1973-06-01 00:00:00.0000000,A
EST,UD,299869,M,1973-06-01 00:00:00.0000000,A
EST,UD,300374,M,1973-06-01 00:00:00.0000000,A
EST,UD,300475,M,1973-06-01 00:00:00.0000000,A
EST,UD,301283,F,1973-06-01 00:00:00.0000000,T
EST,UD,301384,F,1979-06-01 00:00:00.0000000,A
EST,UD,301586,F,1973-08-15 00:00:00.0000000,T
EST,UD,301788,F,1973-06-01 00:00:00.0000000,A
EST,UD,302394,F,1973-06-01 00:00:00.0000000,A
EST,UD,302495,F,1974-08-01 00:00:00.0000000,T
EST,UD,305222,F,1970-03-04 00:00:00.0000000,T
EST,UD,309969,M,1979-01-01 00:00:00.0000000,T
EST,UD,310979,F,1973-06-01 00:00:00.0000000,A
EST,UD,320170,F,1972-03-23 00:00:00.0000000,P
EST,UD,320473,M,1979-01-01 00:00:00.0000000,T
EST,UD,321988,F,1972-06-12 00:00:00.0000000,T
EST,UD,327745,F,1972-10-31 00:00:00.0000000,T
EST,UD,333502,F,1973-01-11 00:00:00.0000000,A
EST,UD,333906,F,1976-03-02 00:00:00.0000000,T
EST,UD,335118,F,1973-05-08 00:00:00.0000000,A
EST,UD,342794,F,1973-09-25 00:00:00.0000000,A
EST,UD,343804,F,1994-02-12 00:00:00.0000000,P
EST,UD,345521,F,1974-09-01 00:00:00.0000000,T
EST,UD,346632,F,1979-01-01 00:00:00.0000000,A
EST,UD,348248,M,1979-01-01 00:00:00.0000000,T
EST,UD,352692,M,1979-01-01 00:00:00.0000000,A
EST,UD,352793,M,1979-01-01 00:00:00.0000000,A
EST,UD,353096,M,1979-01-01 00:00:00.0000000,A
EST,UD,353298,M,1975-03-13 00:00:00.0000000,A
EST,UD,353904,F,1978-01-11 00:00:00.0000000,A
EST,UD,354712,M,1979-01-01 00:00:00.0000000,A
EST,UD,354813,M,1979-01-01 00:00:00.0000000,A
EST,UD,355217,F,1979-01-01 00:00:00.0000000,A
EST,UD,362186,M,1979-01-01 00:00:00.0000000,A
EST,UD,362994,M,1979-01-01 00:00:00.0000000,T
EST,UD,363499,M,1979-01-01 00:00:00.0000000,A
EST,UD,364913,M,1979-01-01 00:00:00.0000000,T
EST,UD,365317,F,1975-08-18 00:00:00.0000000,T
EST,UD,366630,F,1972-08-19 00:00:00.0000000,A
EST,UD,367842,F,1979-01-01 00:00:00.0000000,A
EST,UD,368448,F,1979-01-01 00:00:00.0000000,A
EST,UD,369660,F,1976-03-16 00:00:00.0000000,A
EST,UD,369862,F,1979-01-05 00:00:00.0000000,A
EST,UD,373498,F,1980-08-01 00:00:00.0000000,A
EST,UD,374508,F,1980-08-01 00:00:00.0000000,A
EST,UD,377841,M,1979-01-01 00:00:00.0000000,A
EST,UD,378043,M,1971-04-05 00:00:00.0000000,T
EST,UD,378548,M,1979-01-01 00:00:00.0000000,A
EST,UD,378851,M,1979-01-01 00:00:00.0000000,A
EST,UD,378952,M,1979-01-01 00:00:00.0000000,A
EST,UD,379053,M,1979-01-01 00:00:00.0000000,T
EST,UD,395920,M,1977-11-16 00:00:00.0000000,A
EST,UD,396122,M,1981-06-01 00:00:00.0000000,A
EST,UD,396223,M,NULL,T
EST,UD,396324,M,1977-11-16 00:00:00.0000000,A
EST,UD,396829,F,1977-11-16 00:00:00.0000000,A
EST,UD,397637,M,1981-06-01 00:00:00.0000000,A
EST,UD,397738,F,1977-11-16 00:00:00.0000000,A
EST,UD,398344,F,1980-08-01 00:00:00.0000000,A
EST,UD,398546,F,1978-07-01 00:00:00.0000000,A
EST,UD,398748,F,1980-08-01 00:00:00.0000000,A
EST,UD,398849,M,1977-11-16 00:00:00.0000000,T
EST,UD,400061,F,1977-10-27 00:00:00.0000000,A
EST,UD,405818,F,1979-01-01 00:00:00.0000000,A
EST,UD,406121,F,1984-09-01 00:00:00.0000000,T
EST,UD,410464,F,1980-02-20 00:00:00.0000000,T
EST,UD,410565,F,1978-05-11 00:00:00.0000000,A
EST,UD,410666,F,1978-05-15 00:00:00.0000000,A
EST,UD,412484,F,1978-10-02 00:00:00.0000000,T
EST,UD,413090,F,1978-01-22 00:00:00.0000000,A
EST,UD,417736,M,1983-01-01 00:00:00.0000000,T
EST,UD,417837,M,1979-03-31 00:00:00.0000000,A
EST,UD,418443,F,1981-06-01 00:00:00.0000000,A
EST,UD,419049,F,1979-03-31 00:00:00.0000000,A
EST,UD,419453,F,1983-01-01 00:00:00.0000000,T
EST,UD,419655,M,1979-03-31 00:00:00.0000000,A
EST,UD,419857,F,1979-03-31 00:00:00.0000000,A
EST,UD,420160,M,1980-08-01 00:00:00.0000000,A
EST,UD,420564,F,1982-12-16 00:00:00.0000000,A
EST,UD,420766,F,NULL,T
EST,UD,421978,F,1979-03-31 00:00:00.0000000,A
EST,UD,424099,F,1979-01-05 00:00:00.0000000,A
EST,UD,424503,F,1979-06-23 00:00:00.0000000,A
EST,UD,425008,F,1981-06-01 00:00:00.0000000,A
EST,UD,425614,F,1980-02-20 00:00:00.0000000,A
EST,UD,425715,F,1971-04-15 00:00:00.0000000,P
EST,UD,426018,F,1980-05-15 00:00:00.0000000,A
EST,UD,426523,F,1969-04-17 00:00:00.0000000,T
EST,UD,428341,F,1981-05-26 00:00:00.0000000,T
EST,UD,429250,M,1981-02-14 00:00:00.0000000,T
EST,UD,429856,F,1981-08-10 00:00:00.0000000,T
EST,UD,430058,F,1981-02-12 00:00:00.0000000,A
EST,UD,430260,F,1981-06-29 00:00:00.0000000,A
EST,UD,432482,M,1982-01-18 00:00:00.0000000,A
EST,UD,436118,F,1984-08-09 00:00:00.0000000,A
EST,UD,436421,F,1980-12-03 00:00:00.0000000,T
EST,UD,437128,F,1982-02-10 00:00:00.0000000,A
EST,UD,437229,F,1983-01-01 00:00:00.0000000,A
EST,UD,439047,F,1985-04-03 00:00:00.0000000,A
EST,UD,439552,F,1982-10-29 00:00:00.0000000,T
EST,UD,439855,F,1983-03-26 00:00:00.0000000,A
EST,UD,439956,F,1983-03-31 00:00:00.0000000,A
EST,UD,440057,F,1983-02-23 00:00:00.0000000,A
EST,UD,443188,F,1980-08-01 00:00:00.0000000,T
EST,UD,443592,F,1983-01-01 00:00:00.0000000,A
EST,UD,443895,F,1983-12-01 00:00:00.0000000,A
EST,UD,444703,F,1983-12-01 00:00:00.0000000,A
EST,UD,445208,F,1983-12-01 00:00:00.0000000,A
EST,UD,445511,M,1983-10-14 00:00:00.0000000,A
EST,UD,445612,F,1983-10-16 00:00:00.0000000,T
EST,UD,445713,F,1983-10-06 00:00:00.0000000,A
EST,UD,445814,F,1983-09-12 00:00:00.0000000,T
EST,UD,446521,F,1983-01-01 00:00:00.0000000,A
EST,UD,447935,F,1984-02-06 00:00:00.0000000,A
EST,UD,448036,F,1984-02-08 00:00:00.0000000,A
EST,UD,448238,F,1984-05-17 00:00:00.0000000,A
EST,UD,449955,M,1984-10-13 00:00:00.0000000,A
EST,UD,451066,F,1984-12-14 00:00:00.0000000,A
EST,UD,451167,F,1984-11-12 00:00:00.0000000,A
EST,UD,451268,F,1984-11-22 00:00:00.0000000,T
EST,UD,451369,F,1984-12-13 00:00:00.0000000,T
EST,UD,452177,F,1985-01-04 00:00:00.0000000,A
EST,UD,452379,F,1983-12-01 00:00:00.0000000,A
EST,UD,452581,F,1985-06-26 00:00:00.0000000,A
EST,UD,452884,F,1985-01-30 00:00:00.0000000,T
EST,UD,453187,F,1985-01-04 00:00:00.0000000,T
EST,UD,453490,F,1985-11-01 00:00:00.0000000,A
EST,UD,453591,M,1985-09-30 00:00:00.0000000,A
EST,UD,454500,F,1986-06-17 00:00:00.0000000,T
EST,UD,454601,F,1986-03-05 00:00:00.0000000,A
EST,UD,454702,F,1985-12-01 00:00:00.0000000,A
EST,UD,454803,F,1986-03-05 00:00:00.0000000,T
EST,UD,454904,F,1986-02-20 00:00:00.0000000,A
EST,UD,455005,F,1986-01-03 00:00:00.0000000,A
EST,UD,455813,M,1984-11-15 00:00:00.0000000,A
EST,UD,456015,M,1984-10-13 00:00:00.0000000,A
EST,UD,456419,F,1986-03-03 00:00:00.0000000,T
EST,UD,457732,F,1986-08-25 00:00:00.0000000,A
EST,UD,458136,F,1986-10-22 00:00:00.0000000,A
EST,UD,458237,F,1986-10-22 00:00:00.0000000,A
EST,UD,459449,F,1984-04-30 00:00:00.0000000,A
EST,UD,459550,F,1986-04-30 00:00:00.0000000,A
EST,UD,460156,F,1989-05-25 00:00:00.0000000,T
EST,UD,464499,F,1987-04-24 00:00:00.0000000,A
EST,UD,467125,M,1996-05-26 00:00:00.0000000,T
EST,UD,467327,M,1984-10-13 00:00:00.0000000,A
EST,UD,467630,M,1984-10-13 00:00:00.0000000,A
EST,UD,467832,M,1984-10-13 00:00:00.0000000,A
EST,UD,467933,M,1984-10-13 00:00:00.0000000,A
EST,UD,468034,M,1984-10-13 00:00:00.0000000,A
EST,UD,468135,F,1984-10-12 00:00:00.0000000,A
EST,UD,468236,M,1986-10-13 00:00:00.0000000,A
EST,UD,468337,M,1984-10-13 00:00:00.0000000,T
EST,UD,468539,M,1984-10-13 00:00:00.0000000,T
EST,UD,468842,M,1984-10-13 00:00:00.0000000,A
EST,UD,469044,M,1984-10-18 00:00:00.0000000,A
EST,UD,469145,M,1984-10-13 00:00:00.0000000,A
EST,UD,469246,M,1984-10-13 00:00:00.0000000,A
EST,UD,469448,M,1984-10-13 00:00:00.0000000,A
EST,UD,469549,M,1984-10-13 00:00:00.0000000,A
EST,UD,469751,M,1984-10-13 00:00:00.0000000,A
EST,UD,470458,F,1986-05-22 00:00:00.0000000,A
EST,UD,470862,F,1986-05-22 00:00:00.0000000,T
EST,UD,471165,F,1987-03-01 00:00:00.0000000,A
EST,UD,471771,M,1987-03-01 00:00:00.0000000,A
EST,UD,471872,M,1988-09-01 00:00:00.0000000,T
EST,UD,471973,F,1988-02-01 00:00:00.0000000,A
EST,UD,472175,M,1987-05-10 00:00:00.0000000,A
EST,UD,472478,M,1987-05-01 00:00:00.0000000,A
EST,UD,472579,M,1987-05-01 00:00:00.0000000,A
EST,UD,472781,M,1987-05-10 00:00:00.0000000,T
EST,UD,472983,M,1987-05-10 00:00:00.0000000,T
EST,UD,473185,M,1987-05-10 00:00:00.0000000,T
EST,UD,473286,M,1987-05-01 00:00:00.0000000,A
EST,UD,473488,M,1987-05-10 00:00:00.0000000,A
EST,UD,473791,M,1987-06-01 00:00:00.0000000,A
EST,UD,473993,M,1987-05-01 00:00:00.0000000,T
EST,UD,474296,M,1987-05-10 00:00:00.0000000,A
EST,UD,474397,F,1988-10-08 00:00:00.0000000,A
EST,UD,474498,F,1987-05-01 00:00:00.0000000,A
EST,UD,474599,F,1987-05-01 00:00:00.0000000,A
EST,UD,474902,F,1987-05-10 00:00:00.0000000,A
EST,UD,475104,F,1987-05-01 00:00:00.0000000,A
EST,UD,475407,F,1987-05-10 00:00:00.0000000,A
EST,UD,480053,M,1987-10-01 00:00:00.0000000,A
EST,UD,480154,F,1987-10-28 00:00:00.0000000,A
EST,UD,480255,M,1987-07-01 00:00:00.0000000,A
EST,UD,480356,M,1987-10-20 00:00:00.0000000,A
EST,UD,480457,F,1987-11-16 00:00:00.0000000,A
EST,UD,480861,F,1987-11-23 00:00:00.0000000,A
EST,UD,480962,F,1987-11-01 00:00:00.0000000,A
EST,UD,481164,M,1987-12-01 00:00:00.0000000,A
EST,UD,481265,M,1987-05-10 00:00:00.0000000,A
EST,UD,481568,M,1987-12-10 00:00:00.0000000,A
EST,UD,481669,M,1987-12-01 00:00:00.0000000,A
EST,UD,481770,M,1987-12-01 00:00:00.0000000,A
EST,UD,484194,F,1988-01-01 00:00:00.0000000,A
EST,UD,484295,F,1988-01-10 00:00:00.0000000,P
EST,UD,484497,F,1988-02-01 00:00:00.0000000,A
EST,UD,484598,F,1988-02-01 00:00:00.0000000,A
EST,UD,485305,F,1987-11-19 00:00:00.0000000,A
EST,UD,485406,F,1988-02-01 00:00:00.0000000,A
EST,UD,485709,M,1988-03-08 00:00:00.0000000,A
EST,UD,486820,F,1988-05-13 00:00:00.0000000,A
EST,UD,489749,F,1984-11-20 00:00:00.0000000,A
EST,UD,489850,F,1987-11-10 00:00:00.0000000,A
EST,UD,489951,F,1988-11-06 00:00:00.0000000,A
EST,UD,490052,M,1988-07-10 00:00:00.0000000,T
EST,UD,490153,F,1988-08-25 00:00:00.0000000,A
EST,UD,490456,M,1988-08-31 00:00:00.0000000,A
EST,UD,490557,F,1988-04-04 00:00:00.0000000,A
EST,UD,490759,F,1988-08-26 00:00:00.0000000,T
EST,UD,490860,F,1988-12-10 00:00:00.0000000,T
EST,UD,491365,M,1988-12-12 00:00:00.0000000,A
EST,UD,491567,M,1988-09-01 00:00:00.0000000,A
EST,UD,492072,M,1968-09-03 00:00:00.0000000,T
EST,UD,492375,M,1988-11-16 00:00:00.0000000,A
EST,UD,492678,F,1988-11-01 00:00:00.0000000,A
EST,UD,492880,F,1988-11-30 00:00:00.0000000,A
EST,UD,493082,F,1988-09-09 00:00:00.0000000,A
EST,UD,494597,M,1988-11-18 00:00:00.0000000,A
EST,UD,496516,F,NULL,T
EST,UD,497223,F,1989-03-02 00:00:00.0000000,A
EST,UD,497425,M,1989-05-02 00:00:00.0000000,T
EST,UD,498031,F,1989-01-01 00:00:00.0000000,A
EST,UD,498637,F,1989-04-18 00:00:00.0000000,A
EST,UD,498940,F,1989-05-04 00:00:00.0000000,A
EST,UD,499344,F,1989-04-10 00:00:00.0000000,A
EST,UD,499445,F,1989-03-30 00:00:00.0000000,A
EST,UD,500556,F,1989-05-25 00:00:00.0000000,A
EST,UD,500758,M,1989-03-31 00:00:00.0000000,A
EST,UD,500960,F,1989-05-31 00:00:00.0000000,A
EST,UD,501162,F,1989-06-09 00:00:00.0000000,T
EST,UD,501566,F,1989-05-10 00:00:00.0000000,T
EST,UD,504293,F,1989-09-30 00:00:00.0000000,A
EST,UD,504899,F,1989-08-29 00:00:00.0000000,A
EST,UD,506616,M,1989-10-01 00:00:00.0000000,A
EST,UD,507323,F,1989-10-06 00:00:00.0000000,A
EST,UD,507828,F,1989-09-01 00:00:00.0000000,A
EST,UD,507929,F,1990-01-24 00:00:00.0000000,A
EST,UD,510252,F,1989-10-10 00:00:00.0000000,A
EST,UD,511363,F,1990-09-14 00:00:00.0000000,A
EST,UD,511464,F,1990-09-19 00:00:00.0000000,A
EST,UD,511565,M,1990-05-01 00:00:00.0000000,A
EST,UD,511969,F,1990-09-12 00:00:00.0000000,A
EST,UD,512070,F,1990-10-26 00:00:00.0000000,T
EST,UD,512171,F,1987-04-24 00:00:00.0000000,A
EST,UD,512272,F,1990-07-05 00:00:00.0000000,A
EST,UD,512373,F,1990-12-16 00:00:00.0000000,A
EST,UD,512474,F,1990-12-12 00:00:00.0000000,A
EST,UD,513888,F,1991-09-20 00:00:00.0000000,A
EST,UD,515201,F,1992-07-01 00:00:00.0000000,T
EST,UD,515302,F,1992-02-01 00:00:00.0000000,A
EST,UD,515403,F,1992-07-01 00:00:00.0000000,A
EST,UD,519948,M,1960-01-01 00:00:00.0000000,A
EST,UD,520150,F,1950-07-01 00:00:00.0000000,T
EST,UD,520352,M,1968-01-01 00:00:00.0000000,A
EST,UD,520453,F,1979-02-28 00:00:00.0000000,A
EST,UD,520655,M,1979-01-01 00:00:00.0000000,A
EST,UD,520756,M,1971-04-15 00:00:00.0000000,A
EST,UD,520857,F,1974-06-07 00:00:00.0000000,A
EST,UD,520958,F,1978-11-03 00:00:00.0000000,T
EST,UD,521059,F,1981-11-26 00:00:00.0000000,A
EST,UD,521160,F,1984-05-17 00:00:00.0000000,A
EST,UD,521261,F,1984-05-23 00:00:00.0000000,A
EST,UD,521463,F,1973-03-19 00:00:00.0000000,A
EST,UD,521766,M,1962-03-01 00:00:00.0000000,A
EST,UD,521867,F,1975-10-18 00:00:00.0000000,A
EST,UD,522170,F,1987-05-01 00:00:00.0000000,A
EST,UD,524493,F,1993-10-08 00:00:00.0000000,A
EST,UD,524695,F,1994-01-05 00:00:00.0000000,A
EST,UD,524796,F,1994-01-05 00:00:00.0000000,A
EST,UD,524998,F,1994-02-01 00:00:00.0000000,T
EST,UD,525099,F,1994-01-24 00:00:00.0000000,A
EST,UD,525200,F,1994-02-22 00:00:00.0000000,A
EST,UD,525301,F,1994-01-24 00:00:00.0000000,A
EST,UD,525402,F,1994-07-11 00:00:00.0000000,A
EST,UD,525503,F,1994-09-05 00:00:00.0000000,A
EST,UD,525604,F,1994-09-05 00:00:00.0000000,A
EST,UD,525705,F,1994-09-05 00:00:00.0000000,A
EST,UD,526715,F,1995-10-02 00:00:00.0000000,A
EST,UD,526816,F,1995-10-09 00:00:00.0000000,A
EST,UD,527321,F,1996-06-17 00:00:00.0000000,A
EST,UD,527523,F,1996-07-01 00:00:00.0000000,A
EST,UD,527826,F,1997-01-10 00:00:00.0000000,A
EST,UD,527927,M,1977-05-02 00:00:00.0000000,A
EST,UD,528331,F,1997-12-20 00:00:00.0000000,A
EST,UD,528432,M,1995-03-01 00:00:00.0000000,T
EST,UD,528533,F,1995-03-01 00:00:00.0000000,A
EST,UD,528735,F,1998-07-01 00:00:00.0000000,A
EST,UD,530351,F,1998-09-01 00:00:00.0000000,A
EST,UD,530452,F,1998-09-01 00:00:00.0000000,A
EST,UD,530553,F,1998-09-01 00:00:00.0000000,A
EST,UD,530856,F,1998-09-01 00:00:00.0000000,A
EST,UD,530957,F,1998-09-01 00:00:00.0000000,A
EST,UD,531058,F,1998-11-09 00:00:00.0000000,A
EST,UD,531361,F,1999-04-12 00:00:00.0000000,A
EST,UD,531462,F,1999-05-18 00:00:00.0000000,A
EST,UD,531563,F,1999-07-21 00:00:00.0000000,A
EST,UD,531866,F,1999-09-17 00:00:00.0000000,A
EST,UD,532068,M,1999-06-24 00:00:00.0000000,T
EST,UD,532371,M,2000-01-10 00:00:00.0000000,T
EST,UD,532472,F,2000-02-01 00:00:00.0000000,A
EST,UD,532775,M,2000-03-09 00:00:00.0000000,T
EST,UD,536209,F,2005-05-01 00:00:00.0000000,A
EST,UD,541764,M,2000-02-01 00:00:00.0000000,A
EST,UD,541865,M,2000-02-01 00:00:00.0000000,A
EST,UD,541966,M,2000-02-01 00:00:00.0000000,T
EST,UD,542067,M,2000-02-01 00:00:00.0000000,A
EST,UD,542168,M,2000-02-01 00:00:00.0000000,A
EST,UD,542269,M,2000-02-01 00:00:00.0000000,T
EST,UD,542370,M,2000-02-01 00:00:00.0000000,A
EST,UD,542471,M,2000-02-01 00:00:00.0000000,A
EST,UD,542572,M,2000-02-01 00:00:00.0000000,A
EST,UD,542673,M,2000-02-01 00:00:00.0000000,T
EST,UD,542774,M,2000-02-01 00:00:00.0000000,T
EST,UD,542875,M,2000-02-01 00:00:00.0000000,A
EST,UD,542976,M,2000-02-01 00:00:00.0000000,T
EST,UD,543077,M,2000-02-01 00:00:00.0000000,A
EST,UD,543178,M,2000-02-01 00:00:00.0000000,T
EST,UD,543279,F,2000-02-01 00:00:00.0000000,T
EST,UD,543380,F,2000-02-01 00:00:00.0000000,A
EST,UD,543481,F,2000-02-01 00:00:00.0000000,A
EST,UD,543683,M,2000-02-01 00:00:00.0000000,A
EST,UD,543784,F,2000-02-01 00:00:00.0000000,A
EST,UD,543885,F,2000-02-01 00:00:00.0000000,A
EST,UD,543986,M,2000-02-01 00:00:00.0000000,A
EST,UD,544087,F,2000-02-01 00:00:00.0000000,T
EST,UD,544188,F,2000-02-01 00:00:00.0000000,A
EST,UD,544289,M,2000-02-01 00:00:00.0000000,T
EST,UD,544390,F,2000-02-01 00:00:00.0000000,A
EST,UD,544491,F,2000-02-01 00:00:00.0000000,T
EST,UD,544693,M,2000-02-01 00:00:00.0000000,A
EST,UD,544794,M,2000-02-01 00:00:00.0000000,T
EST,UD,544996,M,2000-02-01 00:00:00.0000000,T
EST,UD,545097,M,2000-01-01 00:00:00.0000000,T
EST,UD,545198,F,2000-01-01 00:00:00.0000000,A
EST,UD,545400,F,2000-02-01 00:00:00.0000000,A
EST,UD,545501,M,2000-02-01 00:00:00.0000000,T
EST,UD,545602,M,2000-02-01 00:00:00.0000000,A
EST,UD,545703,M,2000-02-01 00:00:00.0000000,T
EST,UD,545804,M,2000-02-01 00:00:00.0000000,A
EST,UD,545905,M,2000-02-01 00:00:00.0000000,T
EST,UD,546006,M,2000-02-01 00:00:00.0000000,A
EST,UD,546208,M,2000-02-01 00:00:00.0000000,A
EST,UD,546410,M,2000-02-01 00:00:00.0000000,A
EST,UD,546511,M,2000-02-01 00:00:00.0000000,T
EST,UD,546612,M,2000-02-01 00:00:00.0000000,A
EST,UD,546713,M,2000-02-01 00:00:00.0000000,T
EST,UD,546814,F,2000-02-01 00:00:00.0000000,A
EST,UD,546915,M,2000-02-01 00:00:00.0000000,T
EST,UD,547016,F,2000-02-01 00:00:00.0000000,T
EST,UD,547117,F,2000-02-01 00:00:00.0000000,A
EST,UD,547218,F,2000-02-01 00:00:00.0000000,A
EST,UD,547420,F,2000-02-01 00:00:00.0000000,A
EST,UD,547521,M,2000-02-01 00:00:00.0000000,A
EST,UD,547622,M,2000-02-01 00:00:00.0000000,T
EST,UD,547925,F,2000-06-01 00:00:00.0000000,A
EST,UD,548026,M,2000-06-01 00:00:00.0000000,A
EST,UD,548127,F,2000-06-01 00:00:00.0000000,A
EST,UD,548228,M,2000-06-01 00:00:00.0000000,A
EST,UD,548329,M,2000-06-01 00:00:00.0000000,A
EST,UD,548430,F,2000-06-01 00:00:00.0000000,A
EST,UD,548531,M,2000-06-01 00:00:00.0000000,A
EST,UD,548632,M,2000-06-01 00:00:00.0000000,T
EST,UD,549339,M,2001-03-10 00:00:00.0000000,T
EST,UD,549440,M,2001-03-10 00:00:00.0000000,A
EST,UD,549541,M,2001-03-10 00:00:00.0000000,A
EST,UD,549642,M,2001-03-10 00:00:00.0000000,A
EST,UD,549743,M,2001-03-10 00:00:00.0000000,A
EST,UD,549844,M,2001-03-10 00:00:00.0000000,T
EST,UD,549945,M,2001-03-10 00:00:00.0000000,A
EST,UD,550046,M,2001-03-10 00:00:00.0000000,A
EST,UD,550147,M,2001-03-10 00:00:00.0000000,A
EST,UD,550248,M,2001-03-10 00:00:00.0000000,T
EST,UD,550349,M,2001-03-10 00:00:00.0000000,T
EST,UD,550450,M,2001-03-10 00:00:00.0000000,T
EST,UD,550854,M,2000-12-01 00:00:00.0000000,T
EST,UD,554894,M,2000-08-10 00:00:00.0000000,T
EST,UD,554995,F,2000-08-01 00:00:00.0000000,A
EST,UD,555096,F,2000-08-01 00:00:00.0000000,A
EST,UD,555197,M,2000-08-01 00:00:00.0000000,A
EST,UD,555298,F,2002-08-01 00:00:00.0000000,T
EST,UD,555399,M,2000-08-01 00:00:00.0000000,A
EST,UD,555904,M,2001-10-01 00:00:00.0000000,T
EST,UD,556005,M,2001-10-01 00:00:00.0000000,T
EST,UD,556308,M,2001-10-01 00:00:00.0000000,T
EST,UD,557217,M,2000-08-01 00:00:00.0000000,T
EST,UD,557318,F,2001-10-01 00:00:00.0000000,T
EST,UD,557419,F,2001-10-01 00:00:00.0000000,A
EST,UD,557520,M,2001-10-01 00:00:00.0000000,T
EST,UD,557621,M,2001-10-01 00:00:00.0000000,T
EST,UD,557722,M,2001-10-01 00:00:00.0000000,T
EST,UD,557823,M,2001-10-01 00:00:00.0000000,T
EST,UD,557924,M,2001-10-01 00:00:00.0000000,T
EST,UD,558025,M,2001-10-01 00:00:00.0000000,A
EST,UD,558126,M,2001-10-01 00:00:00.0000000,T
EST,UD,558227,M,2001-10-01 00:00:00.0000000,T
EST,UD,558328,M,2001-10-01 00:00:00.0000000,T
EST,UD,558429,M,2001-10-01 00:00:00.0000000,T
EST,UD,558530,M,2001-10-01 00:00:00.0000000,T
EST,UD,558631,M,2001-10-01 00:00:00.0000000,A
EST,UD,558732,M,2001-10-01 00:00:00.0000000,T
EST,UD,559136,M,2002-01-01 00:00:00.0000000,T
EST,UD,562166,M,2002-06-01 00:00:00.0000000,A
EST,UD,562267,F,2002-06-01 00:00:00.0000000,A
EST,UD,563782,M,2002-04-01 00:00:00.0000000,T
EST,UD,563883,F,2002-04-01 00:00:00.0000000,A
EST,UD,564590,M,2002-06-01 00:00:00.0000000,A
EST,UD,564691,M,2002-06-01 00:00:00.0000000,T
EST,UD,564792,F,2002-06-01 00:00:00.0000000,A
EST,UD,564893,F,2002-06-01 00:00:00.0000000,T
EST,UD,564994,F,2002-06-01 00:00:00.0000000,T
EST,UD,565095,F,2002-05-01 00:00:00.0000000,T
EST,UD,565196,M,2002-06-01 00:00:00.0000000,A
EST,UD,565297,M,2002-06-01 00:00:00.0000000,A
EST,UD,565398,M,2002-06-01 00:00:00.0000000,T
EST,UD,565499,F,2000-06-01 00:00:00.0000000,T
EST,UD,565600,M,2002-06-01 00:00:00.0000000,A
EST,UD,565701,M,2002-06-01 00:00:00.0000000,A
EST,UD,565802,F,2002-06-01 00:00:00.0000000,T
EST,UD,565903,F,2002-06-01 00:00:00.0000000,T
EST,UD,566004,M,2002-06-01 00:00:00.0000000,A
EST,UD,566206,M,2002-06-01 00:00:00.0000000,A
EST,UD,567923,M,2001-07-01 00:00:00.0000000,A
EST,UD,568024,M,2002-07-01 00:00:00.0000000,T
EST,UD,568630,F,2002-09-01 00:00:00.0000000,A
EST,UD,568731,F,2002-09-01 00:00:00.0000000,A
EST,UD,568832,F,2002-09-01 00:00:00.0000000,A
EST,UD,568933,F,2002-09-01 00:00:00.0000000,A
EST,UD,569236,M,2002-12-12 00:00:00.0000000,A
EST,UD,569337,M,2003-01-01 00:00:00.0000000,T
EST,UD,569438,F,2003-02-10 00:00:00.0000000,A
EST,UD,569741,M,2003-04-17 00:00:00.0000000,A
EST,UD,569842,F,2003-06-23 00:00:00.0000000,A
EST,UD,569943,M,2003-05-31 00:00:00.0000000,A
EST,UD,570650,F,2003-09-08 00:00:00.0000000,A
EST,UD,570751,M,2003-09-08 00:00:00.0000000,A
EST,UD,570852,F,2003-01-01 00:00:00.0000000,A
EST,UD,570953,F,2004-01-12 00:00:00.0000000,A
EST,UD,571155,M,2004-02-25 00:00:00.0000000,A
EST,UD,571660,M,2004-06-01 00:00:00.0000000,T
EST,UD,571761,M,2004-11-01 00:00:00.0000000,A
EST,UD,574488,F,2005-05-01 00:00:00.0000000,A
EST,UD,574589,F,2005-05-01 00:00:00.0000000,A
EST,UD,574690,F,2005-05-01 00:00:00.0000000,A
EST,UD,574791,F,2005-05-01 00:00:00.0000000,A
EST,UD,574892,F,2005-05-01 00:00:00.0000000,A
EST,UD,574993,F,2005-05-01 00:00:00.0000000,A
EST,UD,575094,F,2005-05-01 00:00:00.0000000,A
EST,UD,575195,F,2005-05-01 00:00:00.0000000,A
EST,UD,575296,F,2005-05-01 00:00:00.0000000,A
EST,UD,575397,F,2005-05-01 00:00:00.0000000,A
EST,UD,575498,F,2005-05-01 00:00:00.0000000,A
EST,UD,575599,F,2005-05-01 00:00:00.0000000,A
EST,UD,575700,F,2005-05-01 00:00:00.0000000,A
EST,UD,575801,F,2005-05-01 00:00:00.0000000,A
EST,UD,575902,F,2005-05-01 00:00:00.0000000,A
EST,UD,576003,F,2005-05-01 00:00:00.0000000,A
EST,UD,576104,F,2005-05-01 00:00:00.0000000,A
EST,UD,576205,F,2005-05-01 00:00:00.0000000,A
EST,UD,576306,F,2005-05-01 00:00:00.0000000,A
EST,UD,576407,F,2005-05-01 00:00:00.0000000,A
EST,UD,576508,F,2005-05-01 00:00:00.0000000,A
EST,UD,576609,M,2005-06-01 00:00:00.0000000,A
EST,UD,576710,F,2005-06-01 00:00:00.0000000,A
EST,UD,576811,F,2005-06-01 00:00:00.0000000,A
EST,UD,576912,F,2005-06-01 00:00:00.0000000,A
EST,UD,577114,F,2005-06-01 00:00:00.0000000,A
EST,UD,606000,M,NULL,I
EST,UD,606101,M,1902-06-01 00:00:00.0000000,A
EST,UD,606202,F,1902-06-01 00:00:00.0000000,I
EST,UD,606303,F,1902-06-01 00:00:00.0000000,I
EST,UD,606404,M,1902-06-01 00:00:00.0000000,I
EST,UD,608929,M,NULL,T
EST,UD,1011010,M,NULL,A
EST,UD,1012525,M,2003-05-01 00:00:00.0000000,A
EST,UD,1012929,F,2002-06-01 00:00:00.0000000,T
EST,UD,1014747,F,2002-11-15 00:00:00.0000000,A
EST,UD,1014848,M,2002-11-15 00:00:00.0000000,T
EST,UD,1014949,F,2002-11-15 00:00:00.0000000,T
EST,UD,1015656,M,NULL,A
EST,UD,1016161,M,NULL,A
EST,UD,1016464,F,2003-02-01 00:00:00.0000000,A
EST,UD,1016666,F,2003-04-01 00:00:00.0000000,A
EST,UD,1016767,M,2003-02-01 00:00:00.0000000,T
EST,UD,1017171,F,2003-02-01 00:00:00.0000000,A
EST,UD,1018181,M,2003-03-31 00:00:00.0000000,A
EST,UD,1018282,M,2003-03-01 00:00:00.0000000,A
EST,UD,1018686,M,2003-04-26 00:00:00.0000000,T
EST,UD,1018787,F,2003-04-29 00:00:00.0000000,T
EST,UD,1018888,F,2003-04-29 00:00:00.0000000,A
EST,UD,1018989,F,2003-04-29 00:00:00.0000000,T
EST,UD,1019090,M,2003-04-29 00:00:00.0000000,T
EST,UD,1019191,F,2003-04-29 00:00:00.0000000,A
EST,UD,1019292,F,2003-04-29 00:00:00.0000000,A
EST,UD,1019595,M,2003-05-09 00:00:00.0000000,T
EST,UD,1019696,M,2003-05-31 00:00:00.0000000,T
EST,UD,1019898,M,2003-05-01 00:00:00.0000000,T
EST,UD,1019999,M,2003-05-01 00:00:00.0000000,A
EST,UD,1020201,M,NULL,A
EST,UD,1020504,M,2003-05-01 00:00:00.0000000,A
EST,UD,1021716,M,2003-05-01 00:00:00.0000000,A
EST,UD,1021817,M,2003-05-01 00:00:00.0000000,A
EST,UD,1021918,M,2003-05-01 00:00:00.0000000,A
EST,UD,1022019,M,2003-05-01 00:00:00.0000000,A
EST,UD,1022827,F,2003-11-17 00:00:00.0000000,T
EST,UD,1022928,F,2003-11-17 00:00:00.0000000,T
EST,UD,1023332,M,2004-06-01 00:00:00.0000000,A
EST,UD,1023837,M,2004-06-01 00:00:00.0000000,A
EST,UD,1024241,M,NULL,A
EST,UD,1024342,M,NULL,I
EST,UD,1028281,M,2004-12-01 00:00:00.0000000,A
EST,UD,1028786,M,2004-12-01 00:00:00.0000000,A
EST,UD,2020101,M,NULL,A
EST,UD,2020202,F,NULL,A
EST,UD,2020303,M,NULL,A
EST,UD,6060000,M,2002-01-01 00:00:00.0000000,T
EST,UD,6060101,F,NULL,T
EST,UD,6060202,M,NULL,T
EST,UD,6060303,M,NULL,T
EST,UD,6060404,M,NULL,T
EST,UD,6060505,M,NULL,T
EST,UD,6060606,F,NULL,T
EST,UD,6060707,F,NULL,T
EST,UD,6060808,F,NULL,T
EST,UD,6060909,F,NULL,T
EST,UD,6061010,F,NULL,T
EST,UD,6061111,F,NULL,T
EST,UD,6061212,F,NULL,T
EST,UD,6061313,F,NULL,T
EST,UD,6061616,M,NULL,T
EST,UD,6061717,M,NULL,T
EST,UD,6061818,M,NULL,T
EST,UD,6061919,M,2001-12-01 00:00:00.0000000,T
EST,UD,6062020,M,NULL,A
EST,UD,6062121,M,NULL,A
EST,UD,6062222,M,NULL,A
EST,UD,6062323,F,NULL,T
EST,UD,6062424,M,NULL,A
EST,UD,6062525,F,NULL,I
EST,UD,6062626,M,NULL,A
EST,UD,6062727,M,NULL,T
EST,UD,6062828,M,NULL,T
EST,UD,6062929,M,NULL,T
EST,UD,6063030,M,NULL,A
EST,UD,6063131,M,NULL,A
EST,UD,6063232,M,NULL,A
EST,UD,6063333,F,NULL,T
EST,UD,6063434,M,NULL,A
EST,UD,6063535,M,NULL,T
EST,UD,6063636,F,2001-12-01 00:00:00.0000000,T
EST,UD,6063737,M,NULL,T
EST,UD,6063838,M,NULL,A
EST,UD,6063939,M,NULL,T
EST,UD,6064040,M,NULL,A
EST,UD,6064141,M,NULL,A
EST,UD,6064242,M,NULL,T
EST,UD,6064848,M,NULL,A
